Profile	Rawfilename	yyyy-mm-dd hh:mm	Depth [m]	Sampled volume [L]	living [# m-3]	living>Eukaryota [# m-3]	living>Eukaryota>Harosa [# m-3]	living>Eukaryota>Harosa>Rhizaria [# m-3]	living>Eukaryota>Harosa>Rhizaria>Retaria [# m-3]	living>Eukaryota>Harosa>Rhizaria>Retaria>Acantharea [# m-3]	living>Eukaryota>Harosa>Rhizaria>Retaria>Polycystinea [# m-3]	living>Eukaryota>Harosa>Rhizaria>Retaria>Polycystinea>Collodaria [# m-3]	living>Eukaryota>Harosa>Rhizaria>Retaria>Polycystinea>Collodaria>solitaryblack [# m-3]	living>Eukaryota>Harosa>Rhizaria>Retaria>Polycystinea>Collodaria>solitarygrey [# m-3]	not-living [# m-3]	not-living>detritus [# m-3]	not-living>detritus>fiber [# m-3]	not-living>plastic [# m-3]	not-living>plastic>fiber [# m-3]	living biovolume [mm3 l-1]	living>Eukaryota biovolume [mm3 l-1]	living>Eukaryota>Harosa biovolume [mm3 l-1]	living>Eukaryota>Harosa>Rhizaria biovolume [mm3 l-1]	living>Eukaryota>Harosa>Rhizaria>Retaria biovolume [mm3 l-1]	living>Eukaryota>Harosa>Rhizaria>Retaria>Acantharea biovolume [mm3 l-1]	living>Eukaryota>Harosa>Rhizaria>Retaria>Polycystinea biovolume [mm3 l-1]	living>Eukaryota>Harosa>Rhizaria>Retaria>Polycystinea>Collodaria biovolume [mm3 l-1]	living>Eukaryota>Harosa>Rhizaria>Retaria>Polycystinea>Collodaria>solitaryblack biovolume [mm3 l-1]	living>Eukaryota>Harosa>Rhizaria>Retaria>Polycystinea>Collodaria>solitarygrey biovolume [mm3 l-1]	not-living biovolume [mm3 l-1]	not-living>detritus biovolume [mm3 l-1]	not-living>detritus>fiber biovolume [mm3 l-1]	not-living>plastic biovolume [mm3 l-1]	not-living>plastic>fiber biovolume [mm3 l-1]	living avgesd [mm]	living>Eukaryota avgesd [mm]	living>Eukaryota>Harosa avgesd [mm]	living>Eukaryota>Harosa>Rhizaria avgesd [mm]	living>Eukaryota>Harosa>Rhizaria>Retaria avgesd [mm]	living>Eukaryota>Harosa>Rhizaria>Retaria>Acantharea avgesd [mm]	living>Eukaryota>Harosa>Rhizaria>Retaria>Polycystinea avgesd [mm]	living>Eukaryota>Harosa>Rhizaria>Retaria>Polycystinea>Collodaria avgesd [mm]	living>Eukaryota>Harosa>Rhizaria>Retaria>Polycystinea>Collodaria>solitaryblack avgesd [mm]	living>Eukaryota>Harosa>Rhizaria>Retaria>Polycystinea>Collodaria>solitarygrey avgesd [mm]	not-living avgesd [mm]	not-living>detritus avgesd [mm]	not-living>detritus>fiber avgesd [mm]	not-living>plastic avgesd [mm]	not-living>plastic>fiber avgesd [mm]
lambdasample01	HDRlambdasample01_UVPSN_DEPTH_LPM.txt	2019-11-21 03:36:58	2.5	5.65	1415.929203539823	1415.929203539823	1415.929203539823	1415.929203539823	1415.929203539823	353.98230088495575	1061.9469026548672	1061.9469026548672	530.9734513274336	530.9734513274336	1592.9203539823009	530.9734513274336	530.9734513274336	1061.9469026548672	1061.9469026548672																1.80781553053872	1.80781553053872	1.80781553053872	1.80781553053872	1.80781553053872	1.71844641150691	1.85250009005463	1.85250009005463	1.98511933821097	1.71988084189828	1.31020811657607	1.2161394061391	1.2161394061391	1.40427682701304	1.40427682701304
lambdasample01	HDRlambdasample01_UVPSN_DEPTH_LPM.txt	2019-11-21 03:36:58	7.5	5.65	2123.8938053097345	2123.8938053097345	2123.8938053097345	2123.8938053097345	2123.8938053097345	353.98230088495575	1769.9115044247787	1769.9115044247787	884.9557522123894	884.9557522123894	2654.867256637168	884.9557522123894	884.9557522123894	1769.9115044247787	1769.9115044247787																1.80301305473784	1.80301305473784	1.80301305473784	1.80301305473784	1.80301305473784	1.71269907494561	1.84817004463396	1.84817004463396	1.98047757304577	1.71586251622215	1.30915358914469	1.2161394061391	1.2161394061391	1.40216777215028	1.40216777215028
lambdasample01	HDRlambdasample01_UVPSN_DEPTH_LPM.txt	2019-11-21 03:36:58	12.5	5.65	2300.884955752212	2300.884955752212	2300.884955752212	2300.884955752212	2300.884955752212	530.9734513274336	1769.9115044247787	1769.9115044247787	884.9557522123894	884.9557522123894	2654.867256637168	884.9557522123894	884.9557522123894	1769.9115044247787	1769.9115044247787																1.79691343677778	1.79691343677778	1.79691343677778	1.79691343677778	1.79691343677778	1.70548664742249	1.84262683145543	1.84262683145543	1.97399480190812	1.71125886100274	1.30739339051395	1.2161394061391	1.2161394061391	1.3986473748888	1.3986473748888
lambdasample01	HDRlambdasample01_UVPSN_DEPTH_LPM.txt	2019-11-21 03:36:58	17.5	5.65	2123.8938053097345	2123.8938053097345	2123.8938053097345	2123.8938053097345	2123.8938053097345	353.98230088495575	1769.9115044247787	1769.9115044247787	884.9557522123894	884.9557522123894	2654.867256637168	884.9557522123894	884.9557522123894	1769.9115044247787	1769.9115044247787																1.79096031907223	1.79096031907223	1.79096031907223	1.79096031907223	1.79096031907223	1.69824563910478	1.83731765905596	1.83731765905596	1.96799175252911	1.7066435655828	1.30562875024019	1.2161394061391	1.2161394061391	1.39511809434129	1.39511809434129
lambdasample01	HDRlambdasample01_UVPSN_DEPTH_LPM.txt	2019-11-21 03:36:58	22.5	5.65	2300.884955752212	2300.884955752212	2300.884955752212	2300.884955752212	2300.884955752212	530.9734513274336	1769.9115044247787	1769.9115044247787	884.9557522123894	884.9557522123894	2654.867256637168	884.9557522123894	884.9557522123894	1769.9115044247787	1769.9115044247787																1.78462507214833	1.78462507214833	1.78462507214833	1.78462507214833	1.78462507214833	1.69097154716408	1.83145183464045	1.83145183464045	1.96146771525832	1.70143595402259	1.30385963452876	1.2161394061391	1.2161394061391	1.39157986291842	1.39157986291842
lambdasample01	HDRlambdasample01_UVPSN_DEPTH_LPM.txt	2019-11-21 03:36:58	27.5	5.65	2123.8938053097345	2123.8938053097345	2123.8938053097345	2123.8938053097345	2123.8938053097345	353.98230088495575	1769.9115044247787	1769.9115044247787	884.9557522123894	884.9557522123894	2654.867256637168	884.9557522123894	884.9557522123894	1769.9115044247787	1769.9115044247787																1.77862916391845	1.77862916391845	1.77862916391845	1.77862916391845	1.77862916391845	1.68366813206334	1.82610967984601	1.82610967984601	1.95542620867422	1.69679315101779	1.30208600915423	1.2161394061391	1.2161394061391	1.38803261216935	1.38803261216935
lambdasample01	HDRlambdasample01_UVPSN_DEPTH_LPM.txt	2019-11-21 03:36:58	32.5	5.65	2300.884955752212	2300.884955752212	2300.884955752212	2300.884955752212	2300.884955752212	530.9734513274336	1769.9115044247787	1769.9115044247787	884.9557522123894	884.9557522123894	2654.867256637168	884.9557522123894	884.9557522123894	1769.9115044247787	1769.9115044247787																1.77244309370478	1.77244309370478	1.77244309370478	1.77244309370478	1.77244309370478	1.67633076650477	1.82049925730478	1.82049925730478	1.94886010705695	1.69213840755261	1.30030783945271	1.2161394061391	1.2161394061391	1.38447627276632	1.38447627276632
lambdasample01	HDRlambdasample01_UVPSN_DEPTH_LPM.txt	2019-11-21 03:36:58	37.5	5.65	2123.8938053097345	2123.8938053097345	2123.8938053097345	2123.8938053097345	2123.8938053097345	353.98230088495575	1769.9115044247787	1769.9115044247787	884.9557522123894	884.9557522123894	2654.867256637168	884.9557522123894	884.9557522123894	1769.9115044247787	1769.9115044247787																1.76620957154341	1.76620957154341	1.76620957154341	1.76620957154341	1.76620957154341	1.66896330271695	1.81483270595663	1.81483270595663	1.94277939456208	1.68688601735119	1.29852509031397	1.2161394061391	1.2161394061391	1.38091077448884	1.38091077448884
lambdasample01	HDRlambdasample01_UVPSN_DEPTH_LPM.txt	2019-11-21 03:36:58	42.5	5.65	2300.884955752212	2300.884955752212	2300.884955752212	2300.884955752212	2300.884955752212	530.9734513274336	1769.9115044247787	1769.9115044247787	884.9557522123894	884.9557522123894	2654.867256637168	884.9557522123894	884.9557522123894	1769.9115044247787	1769.9115044247787																1.75997814599763	1.75997814599763	1.75997814599763	1.75997814599763	1.75997814599763	1.66156098310952	1.80918672744168	1.80918672744168	1.93617040431527	1.68220305056809	1.2967377261733	1.2161394061391	1.2161394061391	1.3773360462075	1.3773360462075
lambdasample01	HDRlambdasample01_UVPSN_DEPTH_LPM.txt	2019-11-21 03:36:58	47.5	5.65	2123.8938053097345	2123.8938053097345	2123.8938053097345	2123.8938053097345	2123.8938053097345	353.98230088495575	1769.9115044247787	1769.9115044247787	884.9557522123894	884.9557522123894	2654.867256637168	884.9557522123894	884.9557522123894	1769.9115044247787	1769.9115044247787																1.75389509932245	1.75389509932245	1.75389509932245	1.75389509932245	1.75389509932245	1.65412775544665	1.80377877126036	1.80377877126036	1.93004971259046	1.67750782993025	1.29494571100325	1.2161394061391	1.2161394061391	1.3737520158674	1.3737520158674
lambdasample01	HDRlambdasample01_UVPSN_DEPTH_LPM.txt	2019-11-21 03:36:58	52.5	5.65	2300.884955752212	2300.884955752212	2300.884955752212	2300.884955752212	2300.884955752212	530.9734513274336	1769.9115044247787	1769.9115044247787	884.9557522123894	884.9557522123894	2654.867256637168	884.9557522123894	884.9557522123894	1769.9115044247787	1769.9115044247787																1.7474217311759	1.7474217311759	1.7474217311759	1.7474217311759	1.7474217311759	1.64665872563473	1.79780323394649	1.79780323394649	1.92339698215354	1.67220948573944	1.29314900830518	1.2161394061391	1.2161394061391	1.37015861047126	1.37015861047126
lambdasample01	HDRlambdasample01_UVPSN_DEPTH_LPM.txt	2019-11-21 03:36:58	57.5	5.65	2123.8938053097345	2123.8938053097345	2123.8938053097345	2123.8938053097345	2123.8938053097345	353.98230088495575	1769.9115044247787	1769.9115044247787	884.9557522123894	884.9557522123894	2654.867256637168	884.9557522123894	884.9557522123894	1769.9115044247787	1769.9115044247787																1.74129291584821	1.74129291584821	1.74129291584821	1.74129291584821	1.74129291584821	1.63915794096228	1.79236040329118	1.79236040329118	1.91723551211822	1.66748529446414	1.29134758110054	1.2161394061391	1.2161394061391	1.36655575606198	1.36655575606198
lambdasample01	HDRlambdasample01_UVPSN_DEPTH_LPM.txt	2019-11-21 03:36:58	62.5	5.65	2300.884955752212	2300.884955752212	2300.884955752212	2300.884955752212	2300.884955752212	530.9734513274336	1769.9115044247787	1769.9115044247787	884.9557522123894	884.9557522123894	2654.867256637168	884.9557522123894	884.9557522123894	1769.9115044247787	1769.9115044247787																1.73496901585313	1.73496901585313	1.73496901585313	1.73496901585313	1.73496901585313	1.63162036420052	1.78664334167943	1.78664334167943	1.91053816137234	1.66274852198653	1.28954139192204	1.2161394061391	1.2161394061391	1.36294337770499	1.36294337770499
lambdasample01	HDRlambdasample01_UVPSN_DEPTH_LPM.txt	2019-11-21 03:36:58	67.5	5.65	2123.8938053097345	2123.8938053097345	2123.8938053097345	2123.8938053097345	2123.8938053097345	353.98230088495575	1769.9115044247787	1769.9115044247787	884.9557522123894	884.9557522123894	2654.867256637168	884.9557522123894	884.9557522123894	1769.9115044247787	1769.9115044247787																1.7285960764923	1.7285960764923	1.7285960764923	1.7285960764923	1.7285960764923	1.62405014638624	1.78086904154533	1.78086904154533	1.9043350869668	1.65740299612386	1.28773040280453	1.2161394061391	1.2161394061391	1.35932139946995	1.35932139946995
lambdasample01	HDRlambdasample01_UVPSN_DEPTH_LPM.txt	2019-11-21 03:36:58	72.5	5.65	2300.884955752212	2300.884955752212	2300.884955752212	2300.884955752212	2300.884955752212	530.9734513274336	1769.9115044247787	1769.9115044247787	884.9557522123894	884.9557522123894	2654.867256637168	884.9557522123894	884.9557522123894	1769.9115044247787	1769.9115044247787																1.72222359268568	1.72222359268568	1.72222359268568	1.72222359268568	1.72222359268568	1.61644210006504	1.77511433899599	1.77511433899599	1.8975922058758	1.65263647211619	1.28591457527567	1.2161394061391	1.2161394061391	1.35568974441224	1.35568974441224
lambdasample01	HDRlambdasample01_UVPSN_DEPTH_LPM.txt	2019-11-21 03:36:58	77.5	5.65	2123.8938053097345	2123.8938053097345	2123.8938053097345	2123.8938053097345	2123.8938053097345	353.98230088495575	1769.9115044247787	1769.9115044247787	884.9557522123894	884.9557522123894	2654.867256637168	884.9557522123894	884.9557522123894	1769.9115044247787	1769.9115044247787																1.71600139399582	1.71600139399582	1.71600139399582	1.71600139399582	1.71600139399582	1.60880048449903	1.76960184874421	1.76960184874421	1.89134667276851	1.64785702471991	1.28409387034645	1.2161394061391	1.2161394061391	1.3520483345538	1.3520483345538
lambdasample01	HDRlambdasample01_UVPSN_DEPTH_LPM.txt	2019-11-21 03:36:58	82.5	5.65	2300.884955752212	2300.884955752212	2300.884955752212	2300.884955752212	2300.884955752212	530.9734513274336	1769.9115044247787	1769.9115044247787	884.9557522123894	884.9557522123894	2654.867256637168	884.9557522123894	884.9557522123894	1769.9115044247787	1769.9115044247787																1.7093801027334	1.7093801027334	1.7093801027334	1.7093801027334	1.7093801027334	1.60111995441771	1.76351017689124	1.76351017689124	1.88455731993547	1.64246303384701	1.28226824850137	1.2161394061391	1.2161394061391	1.34839709086363	1.34839709086363
lambdasample01	HDRlambdasample01_UVPSN_DEPTH_LPM.txt	2019-11-21 03:36:58	87.5	5.65	2123.8938053097345	2123.8938053097345	2123.8938053097345	2123.8938053097345	2123.8938053097345	353.98230088495575	1769.9115044247787	1769.9115044247787	884.9557522123894	884.9557522123894	2654.867256637168	884.9557522123894	884.9557522123894	1769.9115044247787	1769.9115044247787																1.70310878150423	1.70310878150423	1.70310878150423	1.70310878150423	1.70310878150423	1.59340488205834	1.75796073122718	1.75796073122718	1.87826844414957	1.63765301830478	1.28043766968844	1.2161394061391	1.2161394061391	1.34473593323778	1.34473593323778
lambdasample01	HDRlambdasample01_UVPSN_DEPTH_LPM.txt	2019-11-21 03:36:58	92.5	5.65	2300.884955752212	2300.884955752212	2300.884955752212	2300.884955752212	2300.884955752212	530.9734513274336	1769.9115044247787	1769.9115044247787	884.9557522123894	884.9557522123894	2654.867256637168	884.9557522123894	884.9557522123894	1769.9115044247787	1769.9115044247787																1.69663704095672	1.69663704095672	1.69663704095672	1.69663704095672	1.69663704095672	1.58564975619765	1.75213068333626	1.75213068333626	1.87143164528266	1.63282972138986	1.27860209330898	1.2161394061391	1.2161394061391	1.34106478047885	1.34106478047885
lambdasample01	HDRlambdasample01_UVPSN_DEPTH_LPM.txt	2019-11-21 03:36:58	97.5	5.65	2123.8938053097345	2123.8938053097345	2123.8938053097345	2123.8938053097345	2123.8938053097345	353.98230088495575	1769.9115044247787	1769.9115044247787	884.9557522123894	884.9557522123894	2654.867256637168	884.9557522123894	884.9557522123894	1769.9115044247787	1769.9115044247787																1.69011450058084	1.69011450058084	1.69011450058084	1.69011450058084	1.69011450058084	1.5778590670922	1.74624221732516	1.74624221732516	1.86509851173554	1.62738592291477	1.27676147820703	1.2161394061391	1.2161394061391	1.33738355027495	1.33738355027495
lambdasample01	HDRlambdasample01_UVPSN_DEPTH_LPM.txt	2019-11-21 03:36:58	102.5	5.65	2300.884955752212	2300.884955752212	2300.884955752212	2300.884955752212	2300.884955752212	530.9734513274336	1769.9115044247787	1769.9115044247787	884.9557522123894	884.9557522123894	2654.867256637168	884.9557522123894	884.9557522123894	1769.9115044247787	1769.9115044247787																1.68359053001059	1.68359053001059	1.68359053001059	1.68359053001059	1.68359053001059	1.57002712883168	1.74037223060004	1.74037223060004	1.85821325801595	1.62253120318413	1.27491578265864	1.2161394061391	1.2161394061391	1.33369215917818	1.33369215917818
lambdasample01	HDRlambdasample01_UVPSN_DEPTH_LPM.txt	2019-11-21 03:36:58	107.5	5.65	2123.8938053097345	2123.8938053097345	2123.8938053097345	2123.8938053097345	2123.8938053097345	353.98230088495575	1769.9115044247787	1769.9115044247787	884.9557522123894	884.9557522123894	2654.867256637168	884.9557522123894	884.9557522123894	1769.9115044247787	1769.9115044247787																1.67721876709247	1.67721876709247	1.67721876709247	1.67721876709247	1.67721876709247	1.56215855505387	1.73474887311178	1.73474887311178	1.85183491896492	1.61766282725863	1.27306496436084	1.2161394061391	1.2161394061391	1.32999052258258	1.32999052258258
lambdasample01	HDRlambdasample01_UVPSN_DEPTH_LPM.txt	2019-11-21 03:36:58	112.5	5.65	2300.884955752212	2300.884955752212	2300.884955752212	2300.884955752212	2300.884955752212	530.9734513274336	1769.9115044247787	1769.9115044247787	884.9557522123894	884.9557522123894	2654.867256637168	884.9557522123894	884.9557522123894	1769.9115044247787	1769.9115044247787																1.67043848550499	1.67043848550499	1.67043848550499	1.67043848550499	1.67043848550499	1.55424747577221	1.72853399037138	1.72853399037138	1.84490016530922	1.61216781543353	1.27120898042029	1.2161394061391	1.2161394061391	1.32627855470147	1.32627855470147
lambdasample01	HDRlambdasample01_UVPSN_DEPTH_LPM.txt	2019-11-21 03:36:58	117.5	5.65	2123.8938053097345	2123.8938053097345	2123.8938053097345	2123.8938053097345	2123.8938053097345	353.98230088495575	1769.9115044247787	1769.9115044247787	884.9557522123894	884.9557522123894	2654.867256637168	884.9557522123894	884.9557522123894	1769.9115044247787	1769.9115044247787																1.66401379794874	1.66401379794874	1.66401379794874	1.66401379794874	1.66401379794874	1.5462986337114	1.72287138006741	1.72287138006741	1.83847563869593	1.60726712143889	1.26934778734169	1.2161394061391	1.2161394061391	1.32255616854427	1.32255616854427
lambdasample01	HDRlambdasample01_UVPSN_DEPTH_LPM.txt	2019-11-21 03:36:58	122.5	5.65	2300.884955752212	2300.884955752212	2300.884955752212	2300.884955752212	2300.884955752212	530.9734513274336	1769.9115044247787	1769.9115044247787	884.9557522123894	884.9557522123894	2654.867256637168	884.9557522123894	884.9557522123894	1769.9115044247787	1769.9115044247787																1.65738288168779	1.65738288168779	1.65738288168779	1.65738288168779	1.65738288168779	1.53830596469995	1.71692134018171	1.71692134018171	1.83149030190432	1.60235237845911	1.26748134101591	1.2161394061391	1.2161394061391	1.31882327589272	1.31882327589272
lambdasample01	HDRlambdasample01_UVPSN_DEPTH_LPM.txt	2019-11-21 03:36:58	127.5	5.65	2123.8938053097345	2123.8938053097345	2123.8938053097345	2123.8938053097345	2123.8938053097345	353.98230088495575	1769.9115044247787	1769.9115044247787	884.9557522123894	884.9557522123894	2654.867256637168	884.9557522123894	884.9557522123894	1769.9115044247787	1769.9115044247787																1.65069919878609	1.65069919878609	1.65069919878609	1.65069919878609	1.65069919878609	1.53027434662738	1.71091162486545	1.71091162486545	1.82501856958968	1.59680468014121	1.26560959670778	1.2161394061391	1.2161394061391	1.31507978727647	1.31507978727647
lambdasample01	HDRlambdasample01_UVPSN_DEPTH_LPM.txt	2019-11-21 03:36:58	132.5	5.65	2300.884955752212	2300.884955752212	2300.884955752212	2300.884955752212	2300.884955752212	530.9734513274336	1769.9115044247787	1769.9115044247787	884.9557522123894	884.9557522123894	2654.867256637168	884.9557522123894	884.9557522123894	1769.9115044247787	1769.9115044247787																1.64401190570435	1.64401190570435	1.64401190570435	1.64401190570435	1.64401190570435	1.52219751023713	1.70491910343797	1.70491910343797	1.81798152637089	1.59185668050504	1.26373250904357	1.2161394061391	1.2161394061391	1.31132561194805	1.31132561194805
lambdasample01	HDRlambdasample01_UVPSN_DEPTH_LPM.txt	2019-11-21 03:36:58	137.5	5.65	2123.8938053097345	2123.8938053097345	2123.8938053097345	2123.8938053097345	2123.8938053097345	353.98230088495575	1769.9115044247787	1769.9115044247787	884.9557522123894	884.9557522123894	2654.867256637168	884.9557522123894	884.9557522123894	1769.9115044247787	1769.9115044247787																1.6374787424041	1.6374787424041	1.6374787424041	1.6374787424041	1.6374787424041	1.51408047506496	1.69917787607368	1.69917787607368	1.81146153225151	1.58689421989584	1.26185003199817	1.2161394061391	1.2161394061391	1.30756065785724	1.30756065785724
lambdasample01	HDRlambdasample01_UVPSN_DEPTH_LPM.txt	2019-11-21 03:36:58	142.5	5.65	2300.884955752212	2300.884955752212	2300.884955752212	2300.884955752212	2300.884955752212	530.9734513274336	1769.9115044247787	1769.9115044247787	884.9557522123894	884.9557522123894	2654.867256637168	884.9557522123894	884.9557522123894	1769.9115044247787	1769.9115044247787																1.63052688734857	1.63052688734857	1.63052688734857	1.63052688734857	1.63052688734857	1.50591675499626	1.69283195352472	1.69283195352472	1.8043716171141	1.58129228993534	1.2599621188819	1.2161394061391	1.2161394061391	1.30378483162469	1.30378483162469
lambdasample01	HDRlambdasample01_UVPSN_DEPTH_LPM.txt	2019-11-21 03:36:58	147.5	5.65	2123.8938053097345	2123.8938053097345	2123.8938053097345	2123.8938053097345	2123.8938053097345	353.98230088495575	1769.9115044247787	1769.9115044247787	884.9557522123894	884.9557522123894	2654.867256637168	884.9557522123894	884.9557522123894	1769.9115044247787	1769.9115044247787																1.62393645699905	1.62393645699905	1.62393645699905	1.62393645699905	1.62393645699905	1.49771151813265	1.68704892643225	1.68704892643225	1.79780226511038	1.57629558775411	1.25806872232701	1.2161394061391	1.2161394061391	1.29999803851493	1.29999803851493
lambdasample01	HDRlambdasample01_UVPSN_DEPTH_LPM.txt	2019-11-21 03:36:58	152.5	5.65	2300.884955752212	2300.884955752212	2300.884955752212	2300.884955752212	2300.884955752212	530.9734513274336	1769.9115044247787	1769.9115044247787	884.9557522123894	884.9557522123894	2654.867256637168	884.9557522123894	884.9557522123894	1769.9115044247787	1769.9115044247787																1.61713343631602	1.61713343631602	1.61713343631602	1.61713343631602	1.61713343631602	1.48945804876411	1.68097113009198	1.68097113009198	1.79065826810933	1.57128399207462	1.25616979427386	1.2161394061391	1.2161394061391	1.29620018240862	1.29620018240862
lambdasample01	HDRlambdasample01_UVPSN_DEPTH_LPM.txt	2019-11-21 03:36:58	157.5	5.65	2123.8938053097345	2123.8938053097345	2123.8938053097345	2123.8938053097345	2123.8938053097345	353.98230088495575	1769.9115044247787	1769.9115044247787	884.9557522123894	884.9557522123894	2654.867256637168	884.9557522123894	884.9557522123894	1769.9115044247787	1769.9115044247787																1.6102754330857	1.6102754330857	1.6102754330857	1.6102754330857	1.6102754330857	1.48116167095402	1.67483231415155	1.67483231415155	1.78403842001437	1.56562620828872	1.25426528595659	1.2161394061391	1.2161394061391	1.29239116577408	1.29239116577408
lambdasample01	HDRlambdasample01_UVPSN_DEPTH_LPM.txt	2019-11-21 03:36:58	162.5	5.65	2300.884955752212	2300.884955752212	2300.884955752212	2300.884955752212	2300.884955752212	530.9734513274336	1769.9115044247787	1769.9115044247787	884.9557522123894	884.9557522123894	2654.867256637168	884.9557522123894	884.9557522123894	1769.9115044247787	1769.9115044247787																1.60341128215309	1.60341128215309	1.60341128215309	1.60341128215309	1.60341128215309	1.47281542559161	1.66870921043383	1.66870921043383	1.77683908434046	1.5605793365272	1.25235514788859	1.2161394061391	1.2161394061391	1.28857088963807	1.28857088963807
lambdasample01	HDRlambdasample01_UVPSN_DEPTH_LPM.txt	2019-11-21 03:36:58	167.5	5.65	2123.8938053097345	2123.8938053097345	2123.8938053097345	2123.8938053097345	2123.8938053097345	353.98230088495575	1769.9115044247787	1769.9115044247787	884.9557522123894	884.9557522123894	2654.867256637168	884.9557522123894	884.9557522123894	1769.9115044247787	1769.9115044247787																1.59670315829224	1.59670315829224	1.59670315829224	1.59670315829224	1.59670315829224	1.46442480061652	1.6628423371301	1.6628423371301	1.77016755751783	1.55551711674237	1.25043932984744	1.2161394061391	1.2161394061391	1.28473925355578	1.28473925355578
lambdasample01	HDRlambdasample01_UVPSN_DEPTH_LPM.txt	2019-11-21 03:36:58	172.5	5.65	2300.884955752212	2300.884955752212	2300.884955752212	2300.884955752212	2300.884955752212	530.9734513274336	1769.9115044247787	1769.9115044247787	884.9557522123894	884.9557522123894	2654.867256637168	884.9557522123894	884.9557522123894	1769.9115044247787	1769.9115044247787																1.5895653099573	1.5895653099573	1.5895653099573	1.5895653099573	1.5895653099573	1.45598257852633	1.65635667567279	1.65635667567279	1.76291157691643	1.54980177442914	1.24851778085957	1.2161394061391	1.2161394061391	1.28089615558004	1.28089615558004
lambdasample01	HDRlambdasample01_UVPSN_DEPTH_LPM.txt	2019-11-21 03:36:58	177.5	5.65	2123.8938053097345	2123.8938053097345	2123.8938053097345	2123.8938053097345	2123.8938053097345	353.98230088495575	1769.9115044247787	1769.9115044247787	884.9557522123894	884.9557522123894	2654.867256637168	884.9557522123894	884.9557522123894	1769.9115044247787	1769.9115044247787																1.58279491744676	1.58279491744676	1.58279491744676	1.58279491744676	1.58279491744676	1.44749441961683	1.65044516636172	1.65044516636172	1.75618714183359	1.54470319088985	1.24659044918435	1.2161394061391	1.2161394061391	1.2770414922296	1.2770414922296
lambdasample01	HDRlambdasample01_UVPSN_DEPTH_LPM.txt	2019-11-21 03:36:58	182.5	5.65	2300.884955752212	2300.884955752212	2300.884955752212	2300.884955752212	2300.884955752212	530.9734513274336	1769.9115044247787	1769.9115044247787	884.9557522123894	884.9557522123894	2654.867256637168	884.9557522123894	884.9557522123894	1769.9115044247787	1769.9115044247787																1.57580492357496	1.57580492357496	1.57580492357496	1.57580492357496	1.57580492357496	1.438952831684	1.64423096952043	1.64423096952043	1.74887315783757	1.5395887812033	1.24465728229791	1.2161394061391	1.2161394061391	1.27317515845671	1.27317515845671
lambdasample01	HDRlambdasample01_UVPSN_DEPTH_LPM.txt	2019-11-21 03:36:58	187.5	5.65	2123.8938053097345	2123.8938053097345	2123.8938053097345	2123.8938053097345	2123.8938053097345	353.98230088495575	1769.9115044247787	1769.9115044247787	884.9557522123894	884.9557522123894	2654.867256637168	884.9557522123894	884.9557522123894	1769.9115044247787	1769.9115044247787																1.56875742634667	1.56875742634667	1.56875742634667	1.56875742634667	1.56875742634667	1.43036365647696	1.63795431128152	1.63795431128152	1.7420945354204	1.53381408714264	1.24271822687638	1.2161394061391	1.2161394061391	1.26929704761365	1.26929704761365
lambdasample01	HDRlambdasample01_UVPSN_DEPTH_LPM.txt	2019-11-21 03:36:58	192.5	5.65	2300.884955752212	2300.884955752212	2300.884955752212	2300.884955752212	2300.884955752212	530.9734513274336	1769.9115044247787	1769.9115044247787	884.9557522123894	884.9557522123894	2654.867256637168	884.9557522123894	884.9557522123894	1769.9115044247787	1769.9115044247787																1.56170080421704	1.56170080421704	1.56170080421704	1.56170080421704	1.56170080421704	1.4217191093085	1.6316916516713	1.6316916516713	1.73472113438089	1.52866216896172	1.24077322877876	1.2161394061391	1.2161394061391	1.26540705141842	1.26540705141842
lambdasample01	HDRlambdasample01_UVPSN_DEPTH_LPM.txt	2019-11-21 03:36:58	197.5	5.65	2123.8938053097345	2123.8938053097345	2123.8938053097345	2123.8938053097345	2123.8938053097345	353.98230088495575	1769.9115044247787	1769.9115044247787	884.9557522123894	884.9557522123894	2654.867256637168	884.9557522123894	884.9557522123894	1769.9115044247787	1769.9115044247787																1.55480204582849	1.55480204582849	1.55480204582849	1.55480204582849	1.55480204582849	1.41302522315334	1.62569045716607	1.62569045716607	1.72788699317319	1.52349392115895	1.23882223302929	1.2161394061391	1.2161394061391	1.26150505991947	1.26150505991947
lambdasample01	HDRlambdasample01_UVPSN_DEPTH_LPM.txt	2019-11-21 03:36:58	202.5	5.65	1946.9026548672566	1946.9026548672566	1946.9026548672566	1946.9026548672566	1946.9026548672566	176.99115044247787	1769.9115044247787	1769.9115044247787	884.9557522123894	884.9557522123894	2654.867256637168	884.9557522123894	884.9557522123894	1769.9115044247787	1769.9115044247787																1.54863127725424	1.54863127725424	1.54863127725424	1.54863127725424	1.54863127725424	1.40778314165224	1.61905534505525	1.61905534505525	1.72045270306948	1.51765798704101	1.23686518379928	1.2161394061391	1.2161394061391	1.25759096145945	1.25759096145945
lambdasample01	HDRlambdasample01_UVPSN_DEPTH_LPM.txt	2019-11-21 03:36:58	207.5	4.52	2212.3893805309735	2212.3893805309735	2212.3893805309735	2212.3893805309735	2212.3893805309735	0	2212.3893805309735	2212.3893805309735	1106.1946902654868	1106.1946902654868	3318.5840707964603	1106.1946902654868	1106.1946902654868	2212.3893805309735	2212.3893805309735																1.61300634041715	1.61300634041715	1.61300634041715	1.61300634041715	1.61300634041715		1.61300634041715	1.61300634041715	1.7135616561796	1.5124510246547	1.23490202438849	1.2161394061391	1.2161394061391	1.25366464263789	1.25366464263789
lambdasample01	HDRlambdasample01_UVPSN_DEPTH_LPM.txt	2019-11-21 03:36:58	212.5	4.52	2212.3893805309735	2212.3893805309735	2212.3893805309735	2212.3893805309735	2212.3893805309735	0	2212.3893805309735	2212.3893805309735	1106.1946902654868	1106.1946902654868	3318.5840707964603	1106.1946902654868	1106.1946902654868	2212.3893805309735	2212.3893805309735																1.60664607254341	1.60664607254341	1.60664607254341	1.60664607254341	1.60664607254341		1.60664607254341	1.60664607254341	1.70606494318804	1.50722720189879	1.232932697206	1.2161394061391	1.2161394061391	1.24972598827289	1.24972598827289
lambdasample01	HDRlambdasample01_UVPSN_DEPTH_LPM.txt	2019-11-21 03:36:58	217.5	4.52	2212.3893805309735	2212.3893805309735	2212.3893805309735	2212.3893805309735	2212.3893805309735	0	2212.3893805309735	2212.3893805309735	1106.1946902654868	1106.1946902654868	3318.5840707964603	1106.1946902654868	1106.1946902654868	2212.3893805309735	2212.3893805309735																1.60022179105712	1.60022179105712	1.60022179105712	1.60022179105712	1.60022179105712		1.60022179105712	1.60022179105712	1.69911554500277	1.50132803711147	1.2309571437504	1.2161394061391	1.2161394061391	1.2457748813617	1.2457748813617
lambdasample01	HDRlambdasample01_UVPSN_DEPTH_LPM.txt	2019-11-21 03:36:58	222.5	4.52	2212.3893805309735	2212.3893805309735	2212.3893805309735	2212.3893805309735	2212.3893805309735	0	2212.3893805309735	2212.3893805309735	1106.1946902654868	1106.1946902654868	3318.5840707964603	1106.1946902654868	1106.1946902654868	2212.3893805309735	2212.3893805309735																1.59380951871583	1.59380951871583	1.59380951871583	1.59380951871583	1.59380951871583		1.59380951871583	1.59380951871583	1.69155480980191	1.49606422762974	1.22897530458962	1.2161394061391	1.2161394061391	1.24181120304014	1.24181120304014
lambdasample01	HDRlambdasample01_UVPSN_DEPTH_LPM.txt	2019-11-21 03:36:58	227.5	4.52	2212.3893805309735	2212.3893805309735	2212.3893805309735	2212.3893805309735	2212.3893805309735	0	2212.3893805309735	2212.3893805309735	1106.1946902654868	1106.1946902654868	3318.5840707964603	1106.1946902654868	1106.1946902654868	2212.3893805309735	2212.3893805309735																1.58766427504451	1.58766427504451	1.58766427504451	1.58766427504451	1.58766427504451		1.58766427504451	1.58766427504451	1.68454555244565	1.49078299764337	1.22698711934	1.2161394061391	1.2161394061391	1.2378348325409	1.2378348325409
lambdasample01	HDRlambdasample01_UVPSN_DEPTH_LPM.txt	2019-11-21 03:36:58	232.5	4.52	2212.3893805309735	2212.3893805309735	2212.3893805309735	2212.3893805309735	2212.3893805309735	0	2212.3893805309735	2212.3893805309735	1106.1946902654868	1106.1946902654868	3318.5840707964603	1106.1946902654868	1106.1946902654868	2212.3893805309735	2212.3893805309735																1.58086881378661	1.58086881378661	1.58086881378661	1.58086881378661	1.58086881378661		1.58086881378661	1.58086881378661	1.67691912623239	1.48481850134083	1.22499252664484	1.2161394061391	1.2161394061391	1.23384564715057	1.23384564715057
lambdasample01	HDRlambdasample01_UVPSN_DEPTH_LPM.txt	2019-11-21 03:36:58	237.5	4.52	2212.3893805309735	2212.3893805309735	2212.3893805309735	2212.3893805309735	2212.3893805309735	0	2212.3893805309735	2212.3893805309735	1106.1946902654868	1106.1946902654868	3318.5840707964603	1106.1946902654868	1106.1946902654868	2212.3893805309735	2212.3893805309735																1.57467218850107	1.57467218850107	1.57467218850107	1.57467218850107	1.57467218850107		1.57467218850107	1.57467218850107	1.66984843574689	1.47949594125525	1.2229914641523	1.2161394061391	1.2161394061391	1.22984352216549	1.22984352216549
lambdasample01	HDRlambdasample01_UVPSN_DEPTH_LPM.txt	2019-11-21 03:36:58	242.5	4.52	2212.3893805309735	2212.3893805309735	2212.3893805309735	2212.3893805309735	2212.3893805309735	0	2212.3893805309735	2212.3893805309735	1106.1946902654868	1106.1946902654868	3318.5840707964603	1106.1946902654868	1106.1946902654868	2212.3893805309735	2212.3893805309735																1.56815497237437	1.56815497237437	1.56815497237437	1.56815497237437	1.56815497237437		1.56815497237437	1.56815497237437	1.66215457593563	1.4741553688131	1.22098386849267	1.2161394061391	1.2161394061391	1.22582833084624	1.22582833084624
lambdasample01	HDRlambdasample01_UVPSN_DEPTH_LPM.txt	2019-11-21 03:36:58	247.5	4.52	2212.3893805309735	2212.3893805309735	2212.3893805309735	2212.3893805309735	2212.3893805309735	0	2212.3893805309735	2212.3893805309735	1106.1946902654868	1106.1946902654868	3318.5840707964603	1106.1946902654868	1106.1946902654868	2212.3893805309735	2212.3893805309735																1.56157206466445	1.56157206466445	1.56157206466445	1.56157206466445	1.56157206466445		1.56157206466445	1.56157206466445	1.65502080815311	1.46812332117579	1.21896967525495	1.2161394061391	1.2161394061391	1.2217999443708	1.2217999443708
lambdasample01	HDRlambdasample01_UVPSN_DEPTH_LPM.txt	2019-11-21 03:36:58	252.5	4.52	2212.3893805309735	2212.3893805309735	2212.3893805309735	2212.3893805309735	2212.3893805309735	0	2212.3893805309735	2212.3893805309735	1106.1946902654868	1106.1946902654868	3318.5840707964603	1106.1946902654868	1106.1946902654868	2212.3893805309735	2212.3893805309735																1.55499884602226	1.55499884602226	1.55499884602226	1.55499884602226	1.55499884602226		1.55499884602226	1.55499884602226	1.64725769372638	1.46273999831814	1.21694881896273	1.2161394061391	1.2161394061391	1.21775823178635	1.21775823178635
lambdasample01	HDRlambdasample01_UVPSN_DEPTH_LPM.txt	2019-11-21 03:36:58	257.5	4.52	2212.3893805309735	2212.3893805309735	2212.3893805309735	2212.3893805309735	2212.3893805309735	0	2212.3893805309735	2212.3893805309735	1106.1946902654868	1106.1946902654868	3318.5840707964603	1106.1946902654868	1106.1946902654868	2212.3893805309735	2212.3893805309735																1.54869858338384	1.54869858338384	1.54869858338384	1.54869858338384	1.54869858338384		1.54869858338384	1.54869858338384	1.64005912980513	1.45733803696256	1.21492123304934	1.2161394061391	1.2161394061391	1.21370305995958	1.21370305995958
lambdasample01	HDRlambdasample01_UVPSN_DEPTH_LPM.txt	2019-11-21 03:36:58	262.5	4.52	2212.3893805309735	2212.3893805309735	2212.3893805309735	2212.3893805309735	2212.3893805309735	0	2212.3893805309735	2212.3893805309735	1106.1946902654868	1106.1946902654868	3318.5840707964603	1106.1946902654868	1106.1946902654868	2212.3893805309735	2212.3893805309735																1.54173047291308	1.54173047291308	1.54173047291308	1.54173047291308	1.54173047291308		1.54173047291308	1.54173047291308	1.63222485628065	1.45123608954551	1.21288684983229	1.2161394061391	1.2161394061391	1.20963429352549	1.20963429352549
lambdasample01	HDRlambdasample01_UVPSN_DEPTH_LPM.txt	2019-11-21 03:36:58	267.5	4.52	2212.3893805309735	2212.3893805309735	2212.3893805309735	2212.3893805309735	2212.3893805309735	0	2212.3893805309735	2212.3893805309735	1106.1946902654868	1106.1946902654868	3318.5840707964603	1106.1946902654868	1106.1946902654868	2212.3893805309735	2212.3893805309735																1.53537478603485	1.53537478603485	1.53537478603485	1.53537478603485	1.53537478603485		1.53537478603485	1.53537478603485	1.62495969786897	1.44578987420073	1.21084560048693	1.2161394061391	1.2161394061391	1.20555179483475	1.20555179483475
lambdasample01	HDRlambdasample01_UVPSN_DEPTH_LPM.txt	2019-11-21 03:36:58	272.5	4.52	2212.3893805309735	2212.3893805309735	2212.3893805309735	2212.3893805309735	2212.3893805309735	0	2212.3893805309735	2212.3893805309735	1106.1946902654868	1106.1946902654868	3318.5840707964603	1106.1946902654868	1106.1946902654868	2212.3893805309735	2212.3893805309735																1.52868831446187	1.52868831446187	1.52868831446187	1.52868831446187	1.52868831446187		1.52868831446187	1.52868831446187	1.61705227184372	1.44032435708003	1.20879741501917	1.2161394061391	1.2161394061391	1.20145542389924	1.20145542389924
lambdasample01	HDRlambdasample01_UVPSN_DEPTH_LPM.txt	2019-11-21 03:36:58	277.5	4.52	2212.3893805309735	2212.3893805309735	2212.3893805309735	2212.3893805309735	2212.3893805309735	0	2212.3893805309735	2212.3893805309735	1106.1946902654868	1106.1946902654868	3318.5840707964603	1106.1946902654868	1106.1946902654868	2212.3893805309735	2212.3893805309735																1.52193432898209	1.52193432898209	1.52193432898209	1.52193432898209	1.52193432898209		1.52193432898209	1.52193432898209	1.60971863583355	1.43415002213062	1.20674222223763	1.2161394061391	1.2161394061391	1.19734503833615	1.19734503833615
lambdasample01	HDRlambdasample01_UVPSN_DEPTH_LPM.txt	2019-11-21 03:36:58	282.5	4.52	2212.3893805309735	2212.3893805309735	2212.3893805309735	2212.3893805309735	2212.3893805309735	0	2212.3893805309735	2212.3893805309735	1106.1946902654868	1106.1946902654868	3318.5840707964603	1106.1946902654868	1106.1946902654868	2212.3893805309735	2212.3893805309735																1.51518731312669	1.51518731312669	1.51518731312669	1.51518731312669	1.51518731312669		1.51518731312669	1.51518731312669	1.60173596906053	1.42863865719284	1.20467994972463	1.2161394061391	1.2161394061391	1.19322049331016	1.19322049331016
lambdasample01	HDRlambdasample01_UVPSN_DEPTH_LPM.txt	2019-11-21 03:36:58	287.5	4.52	2212.3893805309735	2212.3893805309735	2212.3893805309735	2212.3893805309735	2212.3893805309735	0	2212.3893805309735	2212.3893805309735	1106.1946902654868	1106.1946902654868	3318.5840707964603	1106.1946902654868	1106.1946902654868	2212.3893805309735	2212.3893805309735																1.5087195843967	1.5087195843967	1.5087195843967	1.5087195843967	1.5087195843967		1.5087195843967	1.5087195843967	1.59433188188739	1.42310728690601	1.20261052380651	1.2161394061391	1.2161394061391	1.18908164147392	1.18908164147392
lambdasample01	HDRlambdasample01_UVPSN_DEPTH_LPM.txt	2019-11-21 03:36:58	292.5	4.52	2212.3893805309735	2212.3893805309735	2212.3893805309735	2212.3893805309735	2212.3893805309735	0	2212.3893805309735	2212.3893805309735	1106.1946902654868	1106.1946902654868	3318.5840707964603	1106.1946902654868	1106.1946902654868	2212.3893805309735	2212.3893805309735																1.50156485517426	1.50156485517426	1.50156485517426	1.50156485517426	1.50156485517426		1.50156485517426	1.50156485517426	1.58627178483524	1.41685792551328	1.20053386952286	1.2161394061391	1.2161394061391	1.18492833290662	1.18492833290662
lambdasample01	HDRlambdasample01_UVPSN_DEPTH_LPM.txt	2019-11-21 03:36:58	297.5	4.52	2212.3893805309735	2212.3893805309735	2212.3893805309735	2212.3893805309735	2212.3893805309735	0	2212.3893805309735	2212.3893805309735	1106.1946902654868	1106.1946902654868	3318.5840707964603	1106.1946902654868	1106.1946902654868	2212.3893805309735	2212.3893805309735																1.49503709591581	1.49503709591581	1.49503709591581	1.49503709591581	1.49503709591581		1.49503709591581	1.49503709591581	1.5787951762757	1.41127901555592	1.19844991059485	1.2161394061391	1.2161394061391	1.1807604150506	1.1807604150506
lambdasample01	HDRlambdasample01_UVPSN_DEPTH_LPM.txt	2019-11-21 03:36:58	302.5	4.52	2212.3893805309735	2212.3893805309735	2212.3893805309735	2212.3893805309735	2212.3893805309735	0	2212.3893805309735	2212.3893805309735	1106.1946902654868	1106.1946902654868	3318.5840707964603	1106.1946902654868	1106.1946902654868	2212.3893805309735	2212.3893805309735																1.4881673519918	1.4881673519918	1.4881673519918	1.4881673519918	1.4881673519918		1.4881673519918	1.4881673519918	1.57065535111487	1.40567935286872	1.19635856939255	1.2161394061391	1.2161394061391	1.17657773264601	1.17657773264601
lambdasample01	HDRlambdasample01_UVPSN_DEPTH_LPM.txt	2019-11-21 03:36:58	307.5	4.52	2212.3893805309735	2212.3893805309735	2212.3893805309735	2212.3893805309735	2212.3893805309735	0	2212.3893805309735	2212.3893805309735	1106.1946902654868	1106.1946902654868	3318.5840707964603	1106.1946902654868	1106.1946902654868	2212.3893805309735	2212.3893805309735																1.48122810465523	1.48122810465523	1.48122810465523	1.48122810465523	1.48122810465523		1.48122810465523	1.48122810465523	1.56310404752624	1.39935216178423	1.19425976690119	1.2161394061391	1.2161394061391	1.17238012766328	1.17238012766328
lambdasample01	HDRlambdasample01_UVPSN_DEPTH_LPM.txt	2019-11-21 03:36:58	312.5	4.52	2212.3893805309735	2212.3893805309735	2212.3893805309735	2212.3893805309735	2212.3893805309735	0	2212.3893805309735	2212.3893805309735	1106.1946902654868	1106.1946902654868	3318.5840707964603	1106.1946902654868	1106.1946902654868	2212.3893805309735	2212.3893805309735																1.47429262068606	1.47429262068606	1.47429262068606	1.47429262068606	1.47429262068606		1.47429262068606	1.47429262068606	1.55488208047807	1.39370316089404	1.19215342268627	1.2161394061391	1.2161394061391	1.16816743923344	1.16816743923344
lambdasample01	HDRlambdasample01_UVPSN_DEPTH_LPM.txt	2019-11-21 03:36:58	317.5	4.52	2212.3893805309735	2212.3893805309735	2212.3893805309735	2212.3893805309735	2212.3893805309735	0	2212.3893805309735	2212.3893805309735	1106.1946902654868	1106.1946902654868	3318.5840707964603	1106.1946902654868	1106.1946902654868	2212.3893805309735	2212.3893805309735																1.46764320479353	1.46764320479353	1.46764320479353	1.46764320479353	1.46764320479353		1.46764320479353	1.46764320479353	1.5472537974177	1.38803261216935	1.19003945485766	1.2161394061391	1.2161394061391	1.16393950357622	1.16393950357622
lambdasample01	HDRlambdasample01_UVPSN_DEPTH_LPM.txt	2019-11-21 03:36:58	322.5	4.52	2212.3893805309735	2212.3893805309735	2212.3893805309735	2212.3893805309735	2212.3893805309735	0	2212.3893805309735	2212.3893805309735	1106.1946902654868	1106.1946902654868	3318.5840707964603	1106.1946902654868	1106.1946902654868	2212.3893805309735	2212.3893805309735																1.46028587975356	1.46028587975356	1.46028587975356	1.46028587975356	1.46028587975356		1.46028587975356	1.46028587975356	1.53894715039426	1.38162460911286	1.18791778003242	1.2161394061391	1.2161394061391	1.15969615392574	1.15969615392574
lambdasample01	HDRlambdasample01_UVPSN_DEPTH_LPM.txt	2019-11-21 03:36:58	327.5	4.52	2212.3893805309735	2212.3893805309735	2212.3893805309735	2212.3893805309735	2212.3893805309735	0	2212.3893805309735	2212.3893805309735	1106.1946902654868	1106.1946902654868	3318.5840707964603	1106.1946902654868	1106.1946902654868	2212.3893805309735	2212.3893805309735																1.45357114593013	1.45357114593013	1.45357114593013	1.45357114593013	1.45357114593013		1.45357114593013	1.45357114593013	1.5312394845476	1.37590280731265	1.1857883132964	1.2161394061391	1.2161394061391	1.1554372204537	1.1554372204537
lambdasample01	HDRlambdasample01_UVPSN_DEPTH_LPM.txt	2019-11-21 03:36:58	332.5	4.52	2212.3893805309735	2212.3893805309735	2212.3893805309735	2212.3893805309735	2212.3893805309735	0	2212.3893805309735	2212.3893805309735	1106.1946902654868	1106.1946902654868	3318.5840707964603	1106.1946902654868	1106.1946902654868	2212.3893805309735	2212.3893805309735																1.44650204823567	1.44650204823567	1.44650204823567	1.44650204823567	1.44650204823567		1.44650204823567	1.44650204823567	1.52284548600007	1.37015861047126	1.18365096816462	1.2161394061391	1.2161394061391	1.15116253019014	1.15116253019014
lambdasample01	HDRlambdasample01_UVPSN_DEPTH_LPM.txt	2019-11-21 03:36:58	337.5	4.52	2212.3893805309735	2212.3893805309735	2212.3893805309735	2212.3893805309735	2212.3893805309735	0	2212.3893805309735	2212.3893805309735	1106.1946902654868	1106.1946902654868	3318.5840707964603	1106.1946902654868	1106.1946902654868	2212.3893805309735	2212.3893805309735																1.43936126201958	1.43936126201958	1.43936126201958	1.43936126201958	1.43936126201958		1.43936126201958	1.43936126201958	1.51505590633645	1.36366661770271	1.18150565654026	1.2161394061391	1.2161394061391	1.14687190694142	1.14687190694142
lambdasample01	HDRlambdasample01_UVPSN_DEPTH_LPM.txt	2019-11-21 03:36:58	342.5	4.52	2212.3893805309735	2212.3893805309735	2212.3893805309735	2212.3893805309735	2212.3893805309735	0	2212.3893805309735	2212.3893805309735	1106.1946902654868	1106.1946902654868	3318.5840707964603	1106.1946902654868	1106.1946902654868	2212.3893805309735	2212.3893805309735																1.43222043348811	1.43222043348811	1.43222043348811	1.43222043348811	1.43222043348811		1.43222043348811	1.43222043348811	1.50657174121879	1.35786912575743	1.17935228867228	1.2161394061391	1.2161394061391	1.14256517120547	1.14256517120547
lambdasample01	HDRlambdasample01_UVPSN_DEPTH_LPM.txt	2019-11-21 03:36:58	347.5	4.52	2212.3893805309735	2212.3893805309735	2212.3893805309735	2212.3893805309735	2212.3893805309735	0	2212.3893805309735	2212.3893805309735	1106.1946902654868	1106.1946902654868	3318.5840707964603	1106.1946902654868	1106.1946902654868	2212.3893805309735	2212.3893805309735																1.42537295691832	1.42537295691832	1.42537295691832	1.42537295691832	1.42537295691832		1.42537295691832	1.42537295691832	1.49869757928284	1.3520483345538	1.17719077311165	1.2161394061391	1.2161394061391	1.1382421400842	1.1382421400842
lambdasample01	HDRlambdasample01_UVPSN_DEPTH_LPM.txt	2019-11-21 03:36:58	352.5	4.52	2212.3893805309735	2212.3893805309735	2212.3893805309735	2212.3893805309735	2212.3893805309735	0	2212.3893805309735	2212.3893805309735	1106.1946902654868	1106.1946902654868	3318.5840707964603	1106.1946902654868	1106.1946902654868	2212.3893805309735	2212.3893805309735																1.41779461923926	1.41779461923926	1.41779461923926	1.41779461923926	1.41779461923926		1.41779461923926	1.41779461923926	1.49012027802354	1.34546896045497	1.17502101666595	1.2161394061391	1.2161394061391	1.1339026271928	1.1339026271928
lambdasample01	HDRlambdasample01_UVPSN_DEPTH_LPM.txt	2019-11-21 03:36:58	357.5	4.52	2212.3893805309735	2212.3893805309735	2212.3893805309735	2212.3893805309735	2212.3893805309735	0	2212.3893805309735	2212.3893805309735	1106.1946902654868	1106.1946902654868	3318.5840707964603	1106.1946902654868	1106.1946902654868	2212.3893805309735	2212.3893805309735																1.41087570503794	1.41087570503794	1.41087570503794	1.41087570503794	1.41087570503794		1.41087570503794	1.41087570503794	1.48215871725661	1.33959269281926	1.17284292435257	1.2161394061391	1.2161394061391	1.12954644256604	1.12954644256604
lambdasample01	HDRlambdasample01_UVPSN_DEPTH_LPM.txt	2019-11-21 03:36:58	362.5	4.52	2212.3893805309735	2212.3893805309735	2212.3893805309735	2212.3893805309735	2212.3893805309735	0	2212.3893805309735	2212.3893805309735	1106.1946902654868	1106.1946902654868	3318.5840707964603	1106.1946902654868	1106.1946902654868	2212.3893805309735	2212.3893805309735																1.40358865139727	1.40358865139727	1.40358865139727	1.40358865139727	1.40358865139727		1.40358865139727	1.40358865139727	1.47348514361636	1.33369215917818	1.17065639935013	1.2161394061391	1.2161394061391	1.12517339256117	1.12517339256117
lambdasample01	HDRlambdasample01_UVPSN_DEPTH_LPM.txt	2019-11-21 03:36:58	367.5	4.52	2212.3893805309735	2212.3893805309735	2212.3893805309735	2212.3893805309735	2212.3893805309735	0	2212.3893805309735	2212.3893805309735	1106.1946902654868	1106.1946902654868	3318.5840707964603	1106.1946902654868	1106.1946902654868	2212.3893805309735	2212.3893805309735																1.39622749256386	1.39622749256386	1.39622749256386	1.39622749256386	1.39622749256386		1.39622749256386	1.39622749256386	1.46543320758679	1.32702177754093	1.16846134294829	1.2161394061391	1.2161394061391	1.12078327975748	1.12078327975748
lambdasample01	HDRlambdasample01_UVPSN_DEPTH_LPM.txt	2019-11-21 03:36:58	372.5	4.52	2212.3893805309735	2212.3893805309735	2212.3893805309735	2212.3893805309735	2212.3893805309735	0	2212.3893805309735	2212.3893805309735	1106.1946902654868	1106.1946902654868	3318.5840707964603	1106.1946902654868	1106.1946902654868	2212.3893805309735	2212.3893805309735																1.38886173921198	1.38886173921198	1.38886173921198	1.38886173921198	1.38886173921198		1.38886173921198	1.38886173921198	1.45666004526111	1.32106343316284	1.16625765449572	1.2161394061391	1.2161394061391	1.11637590285234	1.11637590285234
lambdasample01	HDRlambdasample01_UVPSN_DEPTH_LPM.txt	2019-11-21 03:36:58	377.5	4.52	2212.3893805309735	2212.3893805309735	2212.3893805309735	2212.3893805309735	2212.3893805309735	0	2212.3893805309735	2212.3893805309735	1106.1946902654868	1106.1946902654868	3318.5840707964603	1106.1946902654868	1106.1946902654868	2212.3893805309735	2212.3893805309735																1.38179718597021	1.38179718597021	1.38179718597021	1.38179718597021	1.38179718597021		1.38179718597021	1.38179718597021	1.44851458466395	1.31507978727647	1.16404523134626	1.2161394061391	1.2161394061391	1.11195105655341	1.11195105655341
lambdasample01	HDRlambdasample01_UVPSN_DEPTH_LPM.txt	2019-11-21 03:36:58	382.5	4.52	2212.3893805309735	2212.3893805309735	2212.3893805309735	2212.3893805309735	2212.3893805309735	0	2212.3893805309735	2212.3893805309735	1106.1946902654868	1106.1946902654868	3318.5840707964603	1106.1946902654868	1106.1946902654868	2212.3893805309735	2212.3893805309735																1.37397641820371	1.37397641820371	1.37397641820371	1.37397641820371	1.37397641820371		1.37397641820371	1.37397641820371	1.43963832246861	1.30831451393881	1.16182396880312	1.2161394061391	1.2161394061391	1.10750853146713	1.10750853146713
lambdasample01	HDRlambdasample01_UVPSN_DEPTH_LPM.txt	2019-11-21 03:36:58	387.5	4.52	2212.3893805309735	2212.3893805309735	2212.3893805309735	2212.3893805309735	2212.3893805309735	0	2212.3893805309735	2212.3893805309735	1106.1946902654868	1106.1946902654868	3318.5840707964603	1106.1946902654868	1106.1946902654868	2212.3893805309735	2212.3893805309735																1.36683327765708	1.36683327765708	1.36683327765708	1.36683327765708	1.36683327765708		1.36683327765708	1.36683327765708	1.43139600073376	1.30227055458039	1.15959376006107	1.2161394061391	1.2161394061391	1.10304811398304	1.10304811398304
lambdasample01	HDRlambdasample01_UVPSN_DEPTH_LPM.txt	2019-11-21 03:36:58	392.5	4.52	2212.3893805309735	2212.3893805309735	2212.3893805309735	2212.3893805309735	2212.3893805309735	0	2212.3893805309735	2212.3893805309735	1106.1946902654868	1106.1946902654868	3318.5840707964603	1106.1946902654868	1106.1946902654868	2212.3893805309735	2212.3893805309735																1.35930654929695	1.35930654929695	1.35930654929695	1.35930654929695	1.35930654929695		1.35930654929695	1.35930654929695	1.42241291618528	1.29620018240862	1.15735449614651	1.2161394061391	1.2161394061391	1.09856958615392	1.09856958615392
lambdasample01	HDRlambdasample01_UVPSN_DEPTH_LPM.txt	2019-11-21 03:36:58	397.5	4.52	2212.3893805309735	2212.3893805309735	2212.3893805309735	2212.3893805309735	2212.3893805309735	0	2212.3893805309735	2212.3893805309735	1106.1946902654868	1106.1946902654868	3318.5840707964603	1106.1946902654868	1106.1946902654868	2212.3893805309735	2212.3893805309735																1.35170302115936	1.35170302115936	1.35170302115936	1.35170302115936	1.35170302115936		1.35170302115936	1.35170302115936	1.41407019350759	1.28933584881113	1.15510606585533	1.2161394061391	1.2161394061391	1.09407272557155	1.09407272557155
lambdasample01	HDRlambdasample01_UVPSN_DEPTH_LPM.txt	2019-11-21 03:36:58	402.5	4.52	2212.3893805309735	2212.3893805309735	2212.3893805309735	2212.3893805309735	2212.3893805309735	0	2212.3893805309735	2212.3893805309735	1106.1946902654868	1106.1946902654868	3318.5840707964603	1106.1946902654868	1106.1946902654868	2212.3893805309735	2212.3893805309735																1.3440894045316	1.3440894045316	1.3440894045316	1.3440894045316	1.3440894045316		1.3440894045316	1.3440894045316	1.40497633458113	1.28320247448207	1.15284835568843	1.2161394061391	1.2161394061391	1.08955730523776	1.08955730523776
lambdasample01	HDRlambdasample01_UVPSN_DEPTH_LPM.txt	2019-11-21 03:36:58	407.5	4.52	2212.3893805309735	2212.3893805309735	2212.3893805309735	2212.3893805309735	2212.3893805309735	0	2212.3893805309735	2212.3893805309735	1106.1946902654868	1106.1946902654868	3318.5840707964603	1106.1946902654868	1106.1946902654868	2212.3893805309735	2212.3893805309735																1.33678547119261	1.33678547119261	1.33678547119261	1.33678547119261	1.33678547119261		1.33678547119261	1.33678547119261	1.39652945015561	1.2770414922296	1.15058124978494	1.2161394061391	1.2161394061391	1.08502309343078	1.08502309343078
lambdasample01	HDRlambdasample01_UVPSN_DEPTH_LPM.txt	2019-11-21 03:36:58	412.5	4.52	2212.3893805309735	2212.3893805309735	2212.3893805309735	2212.3893805309735	2212.3893805309735	0	2212.3893805309735	2212.3893805309735	1106.1946902654868	1106.1946902654868	3318.5840707964603	1106.1946902654868	1106.1946902654868	2212.3893805309735	2212.3893805309735																1.32869711517395	1.32869711517395	1.32869711517395	1.32869711517395	1.32869711517395		1.32869711517395	1.32869711517395	1.38732061496663	1.27007361538126	1.14830462985275	1.2161394061391	1.2161394061391	1.08046985356641	1.08046985356641
lambdasample01	HDRlambdasample01_UVPSN_DEPTH_LPM.txt	2019-11-21 03:36:58	417.5	4.52	2212.3893805309735	2212.3893805309735	2212.3893805309735	2212.3893805309735	2212.3893805309735	0	2212.3893805309735	2212.3893805309735	1106.1946902654868	1106.1946902654868	3318.5840707964603	1106.1946902654868	1106.1946902654868	2212.3893805309735	2212.3893805309735																1.32130615178847	1.32130615178847	1.32130615178847	1.32130615178847	1.32130615178847		1.32130615178847	1.32130615178847	1.37876556717595	1.26384673640099	1.14601837509654	1.2161394061391	1.2161394061391	1.07589734405398	1.07589734405398
lambdasample01	HDRlambdasample01_UVPSN_DEPTH_LPM.txt	2019-11-21 03:36:58	422.5	4.52	2212.3893805309735	2212.3893805309735	2212.3893805309735	2212.3893805309735	2212.3893805309735	0	2212.3893805309735	2212.3893805309735	1106.1946902654868	1106.1946902654868	3318.5840707964603	1106.1946902654868	1106.1946902654868	2212.3893805309735	2212.3893805309735																1.3135141213744	1.3135141213744	1.3135141213744	1.3135141213744	1.3135141213744		1.3135141213744	1.3135141213744	1.36943728128935	1.25759096145945	1.14372236214294	1.2161394061391	1.2161394061391	1.07130531814677	1.07130531814677
lambdasample01	HDRlambdasample01_UVPSN_DEPTH_LPM.txt	2019-11-21 03:36:58	427.5	4.52	2212.3893805309735	2212.3893805309735	2212.3893805309735	2212.3893805309735	2212.3893805309735	0	2212.3893805309735	2212.3893805309735	1106.1946902654868	1106.1946902654868	3318.5840707964603	1106.1946902654868	1106.1946902654868	2212.3893805309735	2212.3893805309735																1.30564225762286	1.30564225762286	1.30564225762286	1.30564225762286	1.30564225762286		1.30564225762286	1.30564225762286	1.36076980554754	1.25051470969818	1.14141646496286	1.2161394061391	1.2161394061391	1.06669352378662	1.06669352378662
lambdasample01	HDRlambdasample01_UVPSN_DEPTH_LPM.txt	2019-11-21 03:36:58	432.5	4.52	2212.3893805309735	2212.3893805309735	2212.3893805309735	2212.3893805309735	2212.3893805309735	0	2212.3893805309735	2212.3893805309735	1106.1946902654868	1106.1946902654868	3318.5840707964603	1106.1946902654868	1106.1946902654868	2212.3893805309735	2212.3893805309735																1.297753605685	1.297753605685	1.297753605685	1.297753605685	1.297753605685		1.297753605685	1.297753605685	1.35131729656665	1.24418991480334	1.13910055479078	1.2161394061391	1.2161394061391	1.06206170344246	1.06206170344246
lambdasample01	HDRlambdasample01_UVPSN_DEPTH_LPM.txt	2019-11-21 03:36:58	437.5	4.52	2212.3893805309735	2212.3893805309735	2212.3893805309735	2212.3893805309735	2212.3893805309735	0	2212.3893805309735	2212.3893805309735	1106.1946902654868	1106.1946902654868	3318.5840707964603	1106.1946902654868	1106.1946902654868	2212.3893805309735	2212.3893805309735																1.2901838365059	1.2901838365059	1.2901838365059	1.2901838365059	1.2901838365059		1.2901838365059	1.2901838365059	1.34253284047089	1.2378348325409	1.13677450004079	1.2161394061391	1.2161394061391	1.05740959394248	1.05740959394248
lambdasample01	HDRlambdasample01_UVPSN_DEPTH_LPM.txt	2019-11-21 03:36:58	442.5	4.52	2212.3893805309735	2212.3893805309735	2212.3893805309735	2212.3893805309735	2212.3893805309735	0	2212.3893805309735	2212.3893805309735	1106.1946902654868	1106.1946902654868	3318.5840707964603	1106.1946902654868	1106.1946902654868	2212.3893805309735	2212.3893805309735																1.28179799792157	1.28179799792157	1.28179799792157	1.28179799792157	1.28179799792157		1.28179799792157	1.28179799792157	1.33295100949682	1.23064498634631	1.13443816621936	1.2161394061391	1.2161394061391	1.05273692629962	1.05273692629962
lambdasample01	HDRlambdasample01_UVPSN_DEPTH_LPM.txt	2019-11-21 03:36:58	447.5	4.52	2212.3893805309735	2212.3893805309735	2212.3893805309735	2212.3893805309735	2212.3893805309735	0	2212.3893805309735	2212.3893805309735	1106.1946902654868	1106.1946902654868	3318.5840707964603	1106.1946902654868	1106.1946902654868	2212.3893805309735	2212.3893805309735																1.2741311055067	1.2741311055067	1.2741311055067	1.2741311055067	1.2741311055067		1.2741311055067	1.2741311055067	1.32404470487649	1.22421750613691	1.1320914158346	1.2161394061391	1.2161394061391	1.0480434255301	1.0480434255301
lambdasample01	HDRlambdasample01_UVPSN_DEPTH_LPM.txt	2019-11-21 03:36:58	452.5	4.52	2212.3893805309735	2212.3893805309735	2212.3893805309735	2212.3893805309735	2212.3893805309735	0	2212.3893805309735	2212.3893805309735	1106.1946902654868	1106.1946902654868	3318.5840707964603	1106.1946902654868	1106.1946902654868	2212.3893805309735	2212.3893805309735																1.26604316306989	1.26604316306989	1.26604316306989	1.26604316306989	1.26604316306989		1.26604316306989	1.26604316306989	1.31432809435342	1.21775823178635	1.12973410830181	1.2161394061391	1.2161394061391	1.04332881046452	1.04332881046452
lambdasample01	HDRlambdasample01_UVPSN_DEPTH_LPM.txt	2019-11-21 03:36:58	457.5	4.52	2212.3893805309735	2212.3893805309735	2212.3893805309735	2212.3893805309735	2212.3893805309735	0	2212.3893805309735	2212.3893805309735	1106.1946902654868	1106.1946902654868	3318.5840707964603	1106.1946902654868	1106.1946902654868	2212.3893805309735	2212.3893805309735																1.2578719322354	1.2578719322354	1.2578719322354	1.2578719322354	1.2578719322354		1.2578719322354	1.2578719322354	1.3052947257294	1.2104491387414	1.1273660998452	1.2161394061391	1.2161394061391	1.03859279355131	1.03859279355131
lambdasample01	HDRlambdasample01_UVPSN_DEPTH_LPM.txt	2019-11-21 03:36:58	462.5	4.52	2212.3893805309735	2212.3893805309735	2212.3893805309735	2212.3893805309735	2212.3893805309735	0	2212.3893805309735	2212.3893805309735	1106.1946902654868	1106.1946902654868	3318.5840707964603	1106.1946902654868	1106.1946902654868	2212.3893805309735	2212.3893805309735																1.24967564335273	1.24967564335273	1.24967564335273	1.24967564335273	1.24967564335273		1.24967564335273	1.24967564335273	1.29543748310021	1.20391380360525	1.12498724339558	1.2161394061391	1.2161394061391	1.03383508065205	1.03383508065205
lambdasample01	HDRlambdasample01_UVPSN_DEPTH_LPM.txt	2019-11-21 03:36:58	467.5	4.52	2212.3893805309735	2212.3893805309735	2212.3893805309735	2212.3893805309735	2212.3893805309735	0	2212.3893805309735	2212.3893805309735	1106.1946902654868	1106.1946902654868	3318.5840707964603	1106.1946902654868	1106.1946902654868	2212.3893805309735	2212.3893805309735																1.24180824515519	1.24180824515519	1.24180824515519	1.24180824515519	1.24180824515519		1.24180824515519	1.24180824515519	1.28627145197423	1.19734503833615	1.12259738848369	1.2161394061391	1.2161394061391	1.02905537082827	1.02905537082827
lambdasample01	HDRlambdasample01_UVPSN_DEPTH_LPM.txt	2019-11-21 03:36:58	472.5	4.52	2212.3893805309735	2212.3893805309735	2212.3893805309735	2212.3893805309735	2212.3893805309735	0	2212.3893805309735	2212.3893805309735	1106.1946902654868	1106.1946902654868	3318.5840707964603	1106.1946902654868	1106.1946902654868	2212.3893805309735	2212.3893805309735																1.23308892479653	1.23308892479653	1.23308892479653	1.23308892479653	1.23308892479653		1.23308892479653	1.23308892479653	1.27626728845948	1.18991056113357	1.1201963811292	1.2161394061391	1.2161394061391	1.0242533561193	1.0242533561193
lambdasample01	HDRlambdasample01_UVPSN_DEPTH_LPM.txt	2019-11-21 03:36:58	477.5	4.52	2212.3893805309735	2212.3893805309735	2212.3893805309735	2212.3893805309735	2212.3893805309735	0	2212.3893805309735	2212.3893805309735	1106.1946902654868	1106.1946902654868	3318.5840707964603	1106.1946902654868	1106.1946902654868	2212.3893805309735	2212.3893805309735																1.22511216266654	1.22511216266654	1.22511216266654	1.22511216266654	1.22511216266654		1.22511216266654	1.22511216266654	1.26696257273936	1.18326175259372	1.1177840637249	1.2161394061391	1.2161394061391	1.01942872131069	1.01942872131069
lambdasample01	HDRlambdasample01_UVPSN_DEPTH_LPM.txt	2019-11-21 03:36:58	482.5	4.52	2212.3893805309735	2212.3893805309735	2212.3893805309735	2212.3893805309735	2212.3893805309735	0	2212.3893805309735	2212.3893805309735	1106.1946902654868	1106.1946902654868	3318.5840707964603	1106.1946902654868	1106.1946902654868	2212.3893805309735	2212.3893805309735																1.21669122453045	1.21669122453045	1.21669122453045	1.21669122453045	1.21669122453045		1.21669122453045	1.21669122453045	1.25680471641489	1.17657773264601	1.11536027491593	1.2161394061391	1.2161394061391	1.01458114369276	1.01458114369276
lambdasample01	HDRlambdasample01_UVPSN_DEPTH_LPM.txt	2019-11-21 03:36:58	487.5	4.52	2212.3893805309735	2212.3893805309735	2212.3893805309735	2212.3893805309735	2212.3893805309735	0	2212.3893805309735	2212.3893805309735	1106.1946902654868	1106.1946902654868	3318.5840707964603	1106.1946902654868	1106.1946902654868	2212.3893805309735	2212.3893805309735																1.20818300646011	1.20818300646011	1.20818300646011	1.20818300646011	1.20818300646011		1.20818300646011	1.20818300646011	1.24735482414053	1.16901118877969	1.11292484947387	1.2161394061391	1.2161394061391	1.00971029280864	1.00971029280864
lambdasample01	HDRlambdasample01_UVPSN_DEPTH_LPM.txt	2019-11-21 03:36:58	492.5	4.52	2212.3893805309735	2212.3893805309735	2212.3893805309735	2212.3893805309735	2212.3893805309735	0	2212.3893805309735	2212.3893805309735	1106.1946902654868	1106.1946902654868	3318.5840707964603	1106.1946902654868	1106.1946902654868	2212.3893805309735	2212.3893805309735																1.19963937464146	1.19963937464146	1.19963937464146	1.19963937464146	1.19963937464146		1.19963937464146	1.19963937464146	1.23703596631959	1.16224278296332	1.11047761816524	1.2161394061391	1.2161394061391	1.00481583019138	1.00481583019138
lambdasample01	HDRlambdasample01_UVPSN_DEPTH_LPM.txt	2019-11-21 03:36:58	497.5	4.52	2212.3893805309735	2212.3893805309735	2212.3893805309735	2212.3893805309735	2212.3893805309735	0	2212.3893805309735	2212.3893805309735	1106.1946902654868	1106.1946902654868	3318.5840707964603	1106.1946902654868	1106.1946902654868	2212.3893805309735	2212.3893805309735																1.19143555156665	1.19143555156665	1.19143555156665	1.19143555156665	1.19143555156665		1.19143555156665	1.19143555156665	1.2274338826796	1.1554372204537	1.10801840761428	1.2161394061391	1.2161394061391	0.999897409089457	0.999897409089457
lambdasample01	HDRlambdasample01_UVPSN_DEPTH_LPM.txt	2019-11-21 03:36:58	502.5	4.52	884.9557522123895	884.9557522123895	884.9557522123895	884.9557522123895	884.9557522123895	0	884.9557522123895	884.9557522123895	442.47787610619474	442.47787610619474	1991.1504424778764	1106.1946902654868	1106.1946902654868	884.9557522123895	884.9557522123895																1.18481829605199	1.18481829605199	1.18481829605199	1.18481829605199	1.18481829605199		1.18481829605199	1.18481829605199	1.22018647025723	1.14945012184675	1.1070327955116	1.2161394061391	1.2161394061391	0.997926184884102	0.997926184884102
lambdasample01	HDRlambdasample01_UVPSN_DEPTH_LPM.txt	2019-11-21 03:36:58	507.5	1.13	0	0	0	0	0	0	0	0	0	0	4424.778761061947	4424.778761061947	4424.778761061947	0	0																										1.2161394061391	1.2161394061391	1.2161394061391		
lambdasample01	HDRlambdasample01_UVPSN_DEPTH_LPM.txt	2019-11-21 03:36:58	512.5	1.13	0	0	0	0	0	0	0	0	0	0	4424.778761061947	4424.778761061947	4424.778761061947	0	0																										1.2161394061391	1.2161394061391	1.2161394061391		
lambdasample01	HDRlambdasample01_UVPSN_DEPTH_LPM.txt	2019-11-21 03:36:58	517.5	1.13	0	0	0	0	0	0	0	0	0	0	4424.778761061947	4424.778761061947	4424.778761061947	0	0																										1.2161394061391	1.2161394061391	1.2161394061391		
lambdasample01	HDRlambdasample01_UVPSN_DEPTH_LPM.txt	2019-11-21 03:36:58	522.5	1.13	0	0	0	0	0	0	0	0	0	0	4424.778761061947	4424.778761061947	4424.778761061947	0	0																										1.2161394061391	1.2161394061391	1.2161394061391		
lambdasample01	HDRlambdasample01_UVPSN_DEPTH_LPM.txt	2019-11-21 03:36:58	527.5	1.13	0	0	0	0	0	0	0	0	0	0	4424.778761061947	4424.778761061947	4424.778761061947	0	0																										1.2161394061391	1.2161394061391	1.2161394061391		
lambdasample01	HDRlambdasample01_UVPSN_DEPTH_LPM.txt	2019-11-21 03:36:58	532.5	1.13	0	0	0	0	0	0	0	0	0	0	4424.778761061947	4424.778761061947	4424.778761061947	0	0																										1.2161394061391	1.2161394061391	1.2161394061391		
lambdasample01	HDRlambdasample01_UVPSN_DEPTH_LPM.txt	2019-11-21 03:36:58	537.5	1.13	0	0	0	0	0	0	0	0	0	0	4424.778761061947	4424.778761061947	4424.778761061947	0	0																										1.2161394061391	1.2161394061391	1.2161394061391		
lambdasample01	HDRlambdasample01_UVPSN_DEPTH_LPM.txt	2019-11-21 03:36:58	542.5	1.13	0	0	0	0	0	0	0	0	0	0	4424.778761061947	4424.778761061947	4424.778761061947	0	0																										1.2161394061391	1.2161394061391	1.2161394061391		
lambdasample01	HDRlambdasample01_UVPSN_DEPTH_LPM.txt	2019-11-21 03:36:58	547.5	1.13	0	0	0	0	0	0	0	0	0	0	4424.778761061947	4424.778761061947	4424.778761061947	0	0																										1.2161394061391	1.2161394061391	1.2161394061391		
lambdasample01	HDRlambdasample01_UVPSN_DEPTH_LPM.txt	2019-11-21 03:36:58	552.5	1.13	0	0	0	0	0	0	0	0	0	0	4424.778761061947	4424.778761061947	4424.778761061947	0	0																										1.2161394061391	1.2161394061391	1.2161394061391		
lambdasample01	HDRlambdasample01_UVPSN_DEPTH_LPM.txt	2019-11-21 03:36:58	557.5	1.13	0	0	0	0	0	0	0	0	0	0	4424.778761061947	4424.778761061947	4424.778761061947	0	0																										1.2161394061391	1.2161394061391	1.2161394061391		
lambdasample01	HDRlambdasample01_UVPSN_DEPTH_LPM.txt	2019-11-21 03:36:58	562.5	1.13	0	0	0	0	0	0	0	0	0	0	4424.778761061947	4424.778761061947	4424.778761061947	0	0																										1.2161394061391	1.2161394061391	1.2161394061391		
lambdasample01	HDRlambdasample01_UVPSN_DEPTH_LPM.txt	2019-11-21 03:36:58	567.5	1.13	0	0	0	0	0	0	0	0	0	0	4424.778761061947	4424.778761061947	4424.778761061947	0	0																										1.2161394061391	1.2161394061391	1.2161394061391		
lambdasample01	HDRlambdasample01_UVPSN_DEPTH_LPM.txt	2019-11-21 03:36:58	572.5	1.13	0	0	0	0	0	0	0	0	0	0	4424.778761061947	4424.778761061947	4424.778761061947	0	0																										1.2161394061391	1.2161394061391	1.2161394061391		
lambdasample01	HDRlambdasample01_UVPSN_DEPTH_LPM.txt	2019-11-21 03:36:58	577.5	1.13	0	0	0	0	0	0	0	0	0	0	4424.778761061947	4424.778761061947	4424.778761061947	0	0																										1.2161394061391	1.2161394061391	1.2161394061391		
lambdasample01	HDRlambdasample01_UVPSN_DEPTH_LPM.txt	2019-11-21 03:36:58	582.5	1.13	0	0	0	0	0	0	0	0	0	0	4424.778761061947	4424.778761061947	4424.778761061947	0	0																										1.2161394061391	1.2161394061391	1.2161394061391		
lambdasample01	HDRlambdasample01_UVPSN_DEPTH_LPM.txt	2019-11-21 03:36:58	587.5	1.13	0	0	0	0	0	0	0	0	0	0	4424.778761061947	4424.778761061947	4424.778761061947	0	0																										1.2161394061391	1.2161394061391	1.2161394061391		
lambdasample01	HDRlambdasample01_UVPSN_DEPTH_LPM.txt	2019-11-21 03:36:58	592.5	1.13	0	0	0	0	0	0	0	0	0	0	4424.778761061947	4424.778761061947	4424.778761061947	0	0																										1.2161394061391	1.2161394061391	1.2161394061391		
lambdasample01	HDRlambdasample01_UVPSN_DEPTH_LPM.txt	2019-11-21 03:36:58	597.5	1.13	0	0	0	0	0	0	0	0	0	0	4424.778761061947	4424.778761061947	4424.778761061947	0	0																										1.2161394061391	1.2161394061391	1.2161394061391		
lambdasample01	HDRlambdasample01_UVPSN_DEPTH_LPM.txt	2019-11-21 03:36:58	602.5	1.13	0	0	0	0	0	0	0	0	0	0	4424.778761061947	4424.778761061947	4424.778761061947	0	0																										1.2161394061391	1.2161394061391	1.2161394061391		
lambdasample01	HDRlambdasample01_UVPSN_DEPTH_LPM.txt	2019-11-21 03:36:58	607.5	1.13	0	0	0	0	0	0	0	0	0	0	4424.778761061947	4424.778761061947	4424.778761061947	0	0																										1.2161394061391	1.2161394061391	1.2161394061391		
lambdasample01	HDRlambdasample01_UVPSN_DEPTH_LPM.txt	2019-11-21 03:36:58	612.5	1.13	0	0	0	0	0	0	0	0	0	0	4424.778761061947	4424.778761061947	4424.778761061947	0	0																										1.2161394061391	1.2161394061391	1.2161394061391		
lambdasample01	HDRlambdasample01_UVPSN_DEPTH_LPM.txt	2019-11-21 03:36:58	617.5	1.13	0	0	0	0	0	0	0	0	0	0	4424.778761061947	4424.778761061947	4424.778761061947	0	0																										1.2161394061391	1.2161394061391	1.2161394061391		
lambdasample01	HDRlambdasample01_UVPSN_DEPTH_LPM.txt	2019-11-21 03:36:58	622.5	1.13	0	0	0	0	0	0	0	0	0	0	4424.778761061947	4424.778761061947	4424.778761061947	0	0																										1.2161394061391	1.2161394061391	1.2161394061391		
lambdasample01	HDRlambdasample01_UVPSN_DEPTH_LPM.txt	2019-11-21 03:36:58	627.5	1.13	0	0	0	0	0	0	0	0	0	0	4424.778761061947	4424.778761061947	4424.778761061947	0	0																										1.2161394061391	1.2161394061391	1.2161394061391		
lambdasample01	HDRlambdasample01_UVPSN_DEPTH_LPM.txt	2019-11-21 03:36:58	632.5	1.13	0	0	0	0	0	0	0	0	0	0	4424.778761061947	4424.778761061947	4424.778761061947	0	0																										1.2161394061391	1.2161394061391	1.2161394061391		
lambdasample01	HDRlambdasample01_UVPSN_DEPTH_LPM.txt	2019-11-21 03:36:58	637.5	1.13	0	0	0	0	0	0	0	0	0	0	4424.778761061947	4424.778761061947	4424.778761061947	0	0																										1.2161394061391	1.2161394061391	1.2161394061391		
lambdasample01	HDRlambdasample01_UVPSN_DEPTH_LPM.txt	2019-11-21 03:36:58	642.5	1.13	0	0	0	0	0	0	0	0	0	0	4424.778761061947	4424.778761061947	4424.778761061947	0	0																										1.2161394061391	1.2161394061391	1.2161394061391		
lambdasample01	HDRlambdasample01_UVPSN_DEPTH_LPM.txt	2019-11-21 03:36:58	647.5	1.13	0	0	0	0	0	0	0	0	0	0	4424.778761061947	4424.778761061947	4424.778761061947	0	0																										1.2161394061391	1.2161394061391	1.2161394061391		
lambdasample01	HDRlambdasample01_UVPSN_DEPTH_LPM.txt	2019-11-21 03:36:58	652.5	1.13	0	0	0	0	0	0	0	0	0	0	4424.778761061947	4424.778761061947	4424.778761061947	0	0																										1.2161394061391	1.2161394061391	1.2161394061391		
lambdasample01	HDRlambdasample01_UVPSN_DEPTH_LPM.txt	2019-11-21 03:36:58	657.5	1.13	0	0	0	0	0	0	0	0	0	0	4424.778761061947	4424.778761061947	4424.778761061947	0	0																										1.2161394061391	1.2161394061391	1.2161394061391		
lambdasample01	HDRlambdasample01_UVPSN_DEPTH_LPM.txt	2019-11-21 03:36:58	662.5	1.13	0	0	0	0	0	0	0	0	0	0	4424.778761061947	4424.778761061947	4424.778761061947	0	0																										1.2161394061391	1.2161394061391	1.2161394061391		
lambdasample01	HDRlambdasample01_UVPSN_DEPTH_LPM.txt	2019-11-21 03:36:58	667.5	1.13	0	0	0	0	0	0	0	0	0	0	4424.778761061947	4424.778761061947	4424.778761061947	0	0																										1.2161394061391	1.2161394061391	1.2161394061391		
lambdasample01	HDRlambdasample01_UVPSN_DEPTH_LPM.txt	2019-11-21 03:36:58	672.5	1.13	0	0	0	0	0	0	0	0	0	0	4424.778761061947	4424.778761061947	4424.778761061947	0	0																										1.2161394061391	1.2161394061391	1.2161394061391		
lambdasample01	HDRlambdasample01_UVPSN_DEPTH_LPM.txt	2019-11-21 03:36:58	677.5	1.13	0	0	0	0	0	0	0	0	0	0	4424.778761061947	4424.778761061947	4424.778761061947	0	0																										1.2161394061391	1.2161394061391	1.2161394061391		
lambdasample01	HDRlambdasample01_UVPSN_DEPTH_LPM.txt	2019-11-21 03:36:58	682.5	1.13	0	0	0	0	0	0	0	0	0	0	4424.778761061947	4424.778761061947	4424.778761061947	0	0																										1.2161394061391	1.2161394061391	1.2161394061391		
lambdasample01	HDRlambdasample01_UVPSN_DEPTH_LPM.txt	2019-11-21 03:36:58	687.5	1.13	0	0	0	0	0	0	0	0	0	0	4424.778761061947	4424.778761061947	4424.778761061947	0	0																										1.2161394061391	1.2161394061391	1.2161394061391		
lambdasample01	HDRlambdasample01_UVPSN_DEPTH_LPM.txt	2019-11-21 03:36:58	692.5	1.13	0	0	0	0	0	0	0	0	0	0	4424.778761061947	4424.778761061947	4424.778761061947	0	0																										1.2161394061391	1.2161394061391	1.2161394061391		
lambdasample01	HDRlambdasample01_UVPSN_DEPTH_LPM.txt	2019-11-21 03:36:58	697.5	1.13	0	0	0	0	0	0	0	0	0	0	4424.778761061947	4424.778761061947	4424.778761061947	0	0																										1.2161394061391	1.2161394061391	1.2161394061391		
lambdasample01	HDRlambdasample01_UVPSN_DEPTH_LPM.txt	2019-11-21 03:36:58	702.5	1.13	0	0	0	0	0	0	0	0	0	0	4424.778761061947	4424.778761061947	4424.778761061947	0	0																										1.2161394061391	1.2161394061391	1.2161394061391		
lambdasample01	HDRlambdasample01_UVPSN_DEPTH_LPM.txt	2019-11-21 03:36:58	707.5	1.13	0	0	0	0	0	0	0	0	0	0	4424.778761061947	4424.778761061947	4424.778761061947	0	0																										1.2161394061391	1.2161394061391	1.2161394061391		
lambdasample01	HDRlambdasample01_UVPSN_DEPTH_LPM.txt	2019-11-21 03:36:58	712.5	1.13	0	0	0	0	0	0	0	0	0	0	4424.778761061947	4424.778761061947	4424.778761061947	0	0																										1.2161394061391	1.2161394061391	1.2161394061391		
lambdasample01	HDRlambdasample01_UVPSN_DEPTH_LPM.txt	2019-11-21 03:36:58	717.5	1.13	0	0	0	0	0	0	0	0	0	0	4424.778761061947	4424.778761061947	4424.778761061947	0	0																										1.2161394061391	1.2161394061391	1.2161394061391		
lambdasample01	HDRlambdasample01_UVPSN_DEPTH_LPM.txt	2019-11-21 03:36:58	722.5	1.13	0	0	0	0	0	0	0	0	0	0	4424.778761061947	4424.778761061947	4424.778761061947	0	0																										1.2161394061391	1.2161394061391	1.2161394061391		
lambdasample01	HDRlambdasample01_UVPSN_DEPTH_LPM.txt	2019-11-21 03:36:58	727.5	1.13	0	0	0	0	0	0	0	0	0	0	4424.778761061947	4424.778761061947	4424.778761061947	0	0																										1.2161394061391	1.2161394061391	1.2161394061391		
lambdasample01	HDRlambdasample01_UVPSN_DEPTH_LPM.txt	2019-11-21 03:36:58	732.5	1.13	0	0	0	0	0	0	0	0	0	0	4424.778761061947	4424.778761061947	4424.778761061947	0	0																										1.2161394061391	1.2161394061391	1.2161394061391		
lambdasample01	HDRlambdasample01_UVPSN_DEPTH_LPM.txt	2019-11-21 03:36:58	737.5	1.13	0	0	0	0	0	0	0	0	0	0	4424.778761061947	4424.778761061947	4424.778761061947	0	0																										1.2161394061391	1.2161394061391	1.2161394061391		
lambdasample01	HDRlambdasample01_UVPSN_DEPTH_LPM.txt	2019-11-21 03:36:58	742.5	1.13	0	0	0	0	0	0	0	0	0	0	4424.778761061947	4424.778761061947	4424.778761061947	0	0																										1.2161394061391	1.2161394061391	1.2161394061391		
lambdasample01	HDRlambdasample01_UVPSN_DEPTH_LPM.txt	2019-11-21 03:36:58	747.5	1.13	0	0	0	0	0	0	0	0	0	0	4424.778761061947	4424.778761061947	4424.778761061947	0	0																										1.2161394061391	1.2161394061391	1.2161394061391		
lambdasample01	HDRlambdasample01_UVPSN_DEPTH_LPM.txt	2019-11-21 03:36:58	752.5	1.13	0	0	0	0	0	0	0	0	0	0	4424.778761061947	4424.778761061947	4424.778761061947	0	0																										1.2161394061391	1.2161394061391	1.2161394061391		
lambdasample01	HDRlambdasample01_UVPSN_DEPTH_LPM.txt	2019-11-21 03:36:58	757.5	1.13	0	0	0	0	0	0	0	0	0	0	4424.778761061947	4424.778761061947	4424.778761061947	0	0																										1.2161394061391	1.2161394061391	1.2161394061391		
lambdasample01	HDRlambdasample01_UVPSN_DEPTH_LPM.txt	2019-11-21 03:36:58	762.5	1.13	0	0	0	0	0	0	0	0	0	0	4424.778761061947	4424.778761061947	4424.778761061947	0	0																										1.2161394061391	1.2161394061391	1.2161394061391		
lambdasample01	HDRlambdasample01_UVPSN_DEPTH_LPM.txt	2019-11-21 03:36:58	767.5	1.13	0	0	0	0	0	0	0	0	0	0	4424.778761061947	4424.778761061947	4424.778761061947	0	0																										1.2161394061391	1.2161394061391	1.2161394061391		
lambdasample01	HDRlambdasample01_UVPSN_DEPTH_LPM.txt	2019-11-21 03:36:58	772.5	1.13	0	0	0	0	0	0	0	0	0	0	4424.778761061947	4424.778761061947	4424.778761061947	0	0																										1.2161394061391	1.2161394061391	1.2161394061391		
lambdasample01	HDRlambdasample01_UVPSN_DEPTH_LPM.txt	2019-11-21 03:36:58	777.5	1.13	0	0	0	0	0	0	0	0	0	0	4424.778761061947	4424.778761061947	4424.778761061947	0	0																										1.2161394061391	1.2161394061391	1.2161394061391		
lambdasample01	HDRlambdasample01_UVPSN_DEPTH_LPM.txt	2019-11-21 03:36:58	782.5	1.13	0	0	0	0	0	0	0	0	0	0	4424.778761061947	4424.778761061947	4424.778761061947	0	0																										1.2161394061391	1.2161394061391	1.2161394061391		
lambdasample01	HDRlambdasample01_UVPSN_DEPTH_LPM.txt	2019-11-21 03:36:58	787.5	1.13	0	0	0	0	0	0	0	0	0	0	4424.778761061947	4424.778761061947	4424.778761061947	0	0																										1.2161394061391	1.2161394061391	1.2161394061391		
lambdasample01	HDRlambdasample01_UVPSN_DEPTH_LPM.txt	2019-11-21 03:36:58	792.5	1.13	0	0	0	0	0	0	0	0	0	0	4424.778761061947	4424.778761061947	4424.778761061947	0	0																										1.2161394061391	1.2161394061391	1.2161394061391		
lambdasample01	HDRlambdasample01_UVPSN_DEPTH_LPM.txt	2019-11-21 03:36:58	797.5	1.13	0	0	0	0	0	0	0	0	0	0	4424.778761061947	4424.778761061947	4424.778761061947	0	0																										1.2161394061391	1.2161394061391	1.2161394061391		
lambdasample01	HDRlambdasample01_UVPSN_DEPTH_LPM.txt	2019-11-21 03:36:58	802.5	1.13	0	0	0	0	0	0	0	0	0	0	4424.778761061947	4424.778761061947	4424.778761061947	0	0																										1.2161394061391	1.2161394061391	1.2161394061391		
lambdasample01	HDRlambdasample01_UVPSN_DEPTH_LPM.txt	2019-11-21 03:36:58	807.5	1.13	0	0	0	0	0	0	0	0	0	0	4424.778761061947	4424.778761061947	4424.778761061947	0	0																										1.2161394061391	1.2161394061391	1.2161394061391		
lambdasample01	HDRlambdasample01_UVPSN_DEPTH_LPM.txt	2019-11-21 03:36:58	812.5	1.13	0	0	0	0	0	0	0	0	0	0	4424.778761061947	4424.778761061947	4424.778761061947	0	0																										1.2161394061391	1.2161394061391	1.2161394061391		
lambdasample01	HDRlambdasample01_UVPSN_DEPTH_LPM.txt	2019-11-21 03:36:58	817.5	1.13	0	0	0	0	0	0	0	0	0	0	4424.778761061947	4424.778761061947	4424.778761061947	0	0																										1.2161394061391	1.2161394061391	1.2161394061391		
lambdasample01	HDRlambdasample01_UVPSN_DEPTH_LPM.txt	2019-11-21 03:36:58	822.5	1.13	0	0	0	0	0	0	0	0	0	0	4424.778761061947	4424.778761061947	4424.778761061947	0	0																										1.2161394061391	1.2161394061391	1.2161394061391		
lambdasample01	HDRlambdasample01_UVPSN_DEPTH_LPM.txt	2019-11-21 03:36:58	827.5	1.13	0	0	0	0	0	0	0	0	0	0	4424.778761061947	4424.778761061947	4424.778761061947	0	0																										1.2161394061391	1.2161394061391	1.2161394061391		
lambdasample01	HDRlambdasample01_UVPSN_DEPTH_LPM.txt	2019-11-21 03:36:58	832.5	1.13	0	0	0	0	0	0	0	0	0	0	4424.778761061947	4424.778761061947	4424.778761061947	0	0																										1.2161394061391	1.2161394061391	1.2161394061391		
lambdasample01	HDRlambdasample01_UVPSN_DEPTH_LPM.txt	2019-11-21 03:36:58	837.5	1.13	0	0	0	0	0	0	0	0	0	0	4424.778761061947	4424.778761061947	4424.778761061947	0	0																										1.2161394061391	1.2161394061391	1.2161394061391		
lambdasample01	HDRlambdasample01_UVPSN_DEPTH_LPM.txt	2019-11-21 03:36:58	842.5	1.13	0	0	0	0	0	0	0	0	0	0	4424.778761061947	4424.778761061947	4424.778761061947	0	0																										1.2161394061391	1.2161394061391	1.2161394061391		
lambdasample01	HDRlambdasample01_UVPSN_DEPTH_LPM.txt	2019-11-21 03:36:58	847.5	1.13	0	0	0	0	0	0	0	0	0	0	4424.778761061947	4424.778761061947	4424.778761061947	0	0																										1.2161394061391	1.2161394061391	1.2161394061391		
lambdasample01	HDRlambdasample01_UVPSN_DEPTH_LPM.txt	2019-11-21 03:36:58	852.5	1.13	0	0	0	0	0	0	0	0	0	0	4424.778761061947	4424.778761061947	4424.778761061947	0	0																										1.2161394061391	1.2161394061391	1.2161394061391		
lambdasample01	HDRlambdasample01_UVPSN_DEPTH_LPM.txt	2019-11-21 03:36:58	857.5	1.13	0	0	0	0	0	0	0	0	0	0	4424.778761061947	4424.778761061947	4424.778761061947	0	0																										1.2161394061391	1.2161394061391	1.2161394061391		
lambdasample01	HDRlambdasample01_UVPSN_DEPTH_LPM.txt	2019-11-21 03:36:58	862.5	1.13	0	0	0	0	0	0	0	0	0	0	4424.778761061947	4424.778761061947	4424.778761061947	0	0																										1.2161394061391	1.2161394061391	1.2161394061391		
lambdasample01	HDRlambdasample01_UVPSN_DEPTH_LPM.txt	2019-11-21 03:36:58	867.5	1.13	0	0	0	0	0	0	0	0	0	0	4424.778761061947	4424.778761061947	4424.778761061947	0	0																										1.2161394061391	1.2161394061391	1.2161394061391		
lambdasample01	HDRlambdasample01_UVPSN_DEPTH_LPM.txt	2019-11-21 03:36:58	872.5	1.13	0	0	0	0	0	0	0	0	0	0	4424.778761061947	4424.778761061947	4424.778761061947	0	0																										1.2161394061391	1.2161394061391	1.2161394061391		
lambdasample01	HDRlambdasample01_UVPSN_DEPTH_LPM.txt	2019-11-21 03:36:58	877.5	1.13	0	0	0	0	0	0	0	0	0	0	4424.778761061947	4424.778761061947	4424.778761061947	0	0																										1.2161394061391	1.2161394061391	1.2161394061391		
lambdasample01	HDRlambdasample01_UVPSN_DEPTH_LPM.txt	2019-11-21 03:36:58	882.5	1.13	0	0	0	0	0	0	0	0	0	0	4424.778761061947	4424.778761061947	4424.778761061947	0	0																										1.2161394061391	1.2161394061391	1.2161394061391		
lambdasample01	HDRlambdasample01_UVPSN_DEPTH_LPM.txt	2019-11-21 03:36:58	887.5	1.13	0	0	0	0	0	0	0	0	0	0	4424.778761061947	4424.778761061947	4424.778761061947	0	0																										1.2161394061391	1.2161394061391	1.2161394061391		
lambdasample01	HDRlambdasample01_UVPSN_DEPTH_LPM.txt	2019-11-21 03:36:58	892.5	1.13	0	0	0	0	0	0	0	0	0	0	4424.778761061947	4424.778761061947	4424.778761061947	0	0																										1.2161394061391	1.2161394061391	1.2161394061391		
lambdasample01	HDRlambdasample01_UVPSN_DEPTH_LPM.txt	2019-11-21 03:36:58	897.5	1.13	0	0	0	0	0	0	0	0	0	0	4424.778761061947	4424.778761061947	4424.778761061947	0	0																										1.2161394061391	1.2161394061391	1.2161394061391		
lambdasample01	HDRlambdasample01_UVPSN_DEPTH_LPM.txt	2019-11-21 03:36:58	902.5	1.13	0	0	0	0	0	0	0	0	0	0	4424.778761061947	4424.778761061947	4424.778761061947	0	0																										1.2161394061391	1.2161394061391	1.2161394061391		
lambdasample01	HDRlambdasample01_UVPSN_DEPTH_LPM.txt	2019-11-21 03:36:58	907.5	1.13	0	0	0	0	0	0	0	0	0	0	4424.778761061947	4424.778761061947	4424.778761061947	0	0																										1.2161394061391	1.2161394061391	1.2161394061391		
lambdasample01	HDRlambdasample01_UVPSN_DEPTH_LPM.txt	2019-11-21 03:36:58	912.5	1.13	0	0	0	0	0	0	0	0	0	0	4424.778761061947	4424.778761061947	4424.778761061947	0	0																										1.2161394061391	1.2161394061391	1.2161394061391		
lambdasample01	HDRlambdasample01_UVPSN_DEPTH_LPM.txt	2019-11-21 03:36:58	917.5	1.13	0	0	0	0	0	0	0	0	0	0	4424.778761061947	4424.778761061947	4424.778761061947	0	0																										1.2161394061391	1.2161394061391	1.2161394061391		
lambdasample01	HDRlambdasample01_UVPSN_DEPTH_LPM.txt	2019-11-21 03:36:58	922.5	1.13	0	0	0	0	0	0	0	0	0	0	4424.778761061947	4424.778761061947	4424.778761061947	0	0																										1.2161394061391	1.2161394061391	1.2161394061391		
lambdasample01	HDRlambdasample01_UVPSN_DEPTH_LPM.txt	2019-11-21 03:36:58	927.5	1.13	0	0	0	0	0	0	0	0	0	0	4424.778761061947	4424.778761061947	4424.778761061947	0	0																										1.2161394061391	1.2161394061391	1.2161394061391		
lambdasample01	HDRlambdasample01_UVPSN_DEPTH_LPM.txt	2019-11-21 03:36:58	932.5	1.13	0	0	0	0	0	0	0	0	0	0	4424.778761061947	4424.778761061947	4424.778761061947	0	0																										1.2161394061391	1.2161394061391	1.2161394061391		
lambdasample01	HDRlambdasample01_UVPSN_DEPTH_LPM.txt	2019-11-21 03:36:58	937.5	1.13	0	0	0	0	0	0	0	0	0	0	4424.778761061947	4424.778761061947	4424.778761061947	0	0																										1.2161394061391	1.2161394061391	1.2161394061391		
lambdasample01	HDRlambdasample01_UVPSN_DEPTH_LPM.txt	2019-11-21 03:36:58	942.5	1.13	0	0	0	0	0	0	0	0	0	0	4424.778761061947	4424.778761061947	4424.778761061947	0	0																										1.2161394061391	1.2161394061391	1.2161394061391		
lambdasample01	HDRlambdasample01_UVPSN_DEPTH_LPM.txt	2019-11-21 03:36:58	947.5	1.13	0	0	0	0	0	0	0	0	0	0	4424.778761061947	4424.778761061947	4424.778761061947	0	0																										1.2161394061391	1.2161394061391	1.2161394061391		
lambdasample01	HDRlambdasample01_UVPSN_DEPTH_LPM.txt	2019-11-21 03:36:58	952.5	1.13	0	0	0	0	0	0	0	0	0	0	4424.778761061947	4424.778761061947	4424.778761061947	0	0																										1.2161394061391	1.2161394061391	1.2161394061391		
lambdasample01	HDRlambdasample01_UVPSN_DEPTH_LPM.txt	2019-11-21 03:36:58	957.5	1.13	0	0	0	0	0	0	0	0	0	0	4424.778761061947	4424.778761061947	4424.778761061947	0	0																										1.2161394061391	1.2161394061391	1.2161394061391		
lambdasample01	HDRlambdasample01_UVPSN_DEPTH_LPM.txt	2019-11-21 03:36:58	962.5	1.13	0	0	0	0	0	0	0	0	0	0	4424.778761061947	4424.778761061947	4424.778761061947	0	0																										1.2161394061391	1.2161394061391	1.2161394061391		
lambdasample01	HDRlambdasample01_UVPSN_DEPTH_LPM.txt	2019-11-21 03:36:58	967.5	1.13	0	0	0	0	0	0	0	0	0	0	4424.778761061947	4424.778761061947	4424.778761061947	0	0																										1.2161394061391	1.2161394061391	1.2161394061391		
lambdasample01	HDRlambdasample01_UVPSN_DEPTH_LPM.txt	2019-11-21 03:36:58	972.5	1.13	0	0	0	0	0	0	0	0	0	0	4424.778761061947	4424.778761061947	4424.778761061947	0	0																										1.2161394061391	1.2161394061391	1.2161394061391		
lambdasample01	HDRlambdasample01_UVPSN_DEPTH_LPM.txt	2019-11-21 03:36:58	977.5	1.13	0	0	0	0	0	0	0	0	0	0	4424.778761061947	4424.778761061947	4424.778761061947	0	0																										1.2161394061391	1.2161394061391	1.2161394061391		
lambdasample01	HDRlambdasample01_UVPSN_DEPTH_LPM.txt	2019-11-21 03:36:58	982.5	1.13	0	0	0	0	0	0	0	0	0	0	4424.778761061947	4424.778761061947	4424.778761061947	0	0																										1.2161394061391	1.2161394061391	1.2161394061391		
lambdasample01	HDRlambdasample01_UVPSN_DEPTH_LPM.txt	2019-11-21 03:36:58	987.5	1.13	0	0	0	0	0	0	0	0	0	0	4424.778761061947	4424.778761061947	4424.778761061947	0	0																										1.2161394061391	1.2161394061391	1.2161394061391		
lambdasample01	HDRlambdasample01_UVPSN_DEPTH_LPM.txt	2019-11-21 03:36:58	992.5	1.13	0	0	0	0	0	0	0	0	0	0	4424.778761061947	4424.778761061947	4424.778761061947	0	0																										1.2161394061391	1.2161394061391	1.2161394061391		
lambdasample01	HDRlambdasample01_UVPSN_DEPTH_LPM.txt	2019-11-21 03:36:58	997.5	1.13	0	0	0	0	0	0	0	0	0	0	4424.778761061947	4424.778761061947	4424.778761061947	0	0																										1.2161394061391	1.2161394061391	1.2161394061391		
lambdasample01	HDRlambdasample01_UVPSN_DEPTH_LPM.txt	2019-11-21 03:36:58	1002.5	1.13	0	0	0	0	0	0	0	0	0	0	1769.911504424779	1769.911504424779	1769.911504424779	0	0																										1.2161394061391	1.2161394061391	1.2161394061391		
