depth	imgcount	area	nbr	greylimit1	greylimit2	greylimit3
2	3	7	960	42	54	67
2	3	12	480	41	53	66
2	3	19	24	35	41	48
2	3	30	48	41	53	66
2	3	75	80	39	49	60
2	3	118	137	41	52	64
7	3	7	957	42	54	67
7	3	12	477	41	53	66
7	3	19	24	35	41	48
7	3	30	45	41	52	63
7	3	75	77	39	49	60
7	3	118	136	41	52	64
12	3	7	955	42	54	67
12	3	12	475	41	53	66
12	3	19	24	35	41	48
12	3	30	43	40	51	62
12	3	75	75	39	48	61
12	3	118	136	41	52	64
17	3	7	952	42	54	67
17	3	12	472	41	53	66
17	3	19	24	35	41	48
17	3	30	40	39	49	60
17	3	75	72	38	47	62
17	3	118	136	41	52	64
22	3	7	950	42	54	67
22	3	12	470	41	53	66
22	3	19	24	35	41	48
22	3	30	38	39	48	58
22	3	75	70	38	47	62
22	3	118	136	41	52	64
27	3	7	948	42	54	67
27	3	12	468	41	53	67
27	3	19	24	35	41	48
27	3	30	36	38	47	57
27	3	75	68	38	46	63
27	3	118	136	41	52	64
32	3	7	945	42	54	67
32	3	12	465	41	54	67
32	3	19	24	35	41	48
32	3	30	33	38	46	54
32	3	75	66	38	46	63
32	3	118	136	41	52	64
37	3	7	943	42	54	67
37	3	12	463	41	54	67
37	3	19	24	35	41	48
37	3	30	31	37	45	53
37	3	75	64	37	47	64
37	3	118	136	41	52	64
42	3	7	940	42	54	67
42	3	12	460	41	54	67
42	3	19	24	35	41	48
42	3	30	28	36	43	51
42	3	75	63	37	48	64
42	3	118	136	41	52	64
47	3	7	938	42	54	67
47	3	12	458	41	54	67
47	3	19	24	35	41	48
47	3	30	26	36	42	49
47	3	75	61	37	49	64
47	3	118	136	41	52	64
52	3	7	936	42	54	67
52	3	12	456	41	54	67
52	3	19	24	35	41	48
52	3	30	24	35	41	48
52	3	75	60	37	49	65
52	3	118	136	41	52	64
57	3	7	933	42	54	67
57	3	12	453	42	54	67
57	3	19	24	35	41	48
57	3	30	21	35	40	45
57	3	75	58	37	50	65
57	3	118	136	41	52	64
62	3	7	931	42	54	67
62	3	12	451	42	54	67
62	3	19	24	35	41	48
62	3	30	19	34	39	44
62	3	75	57	37	51	65
62	3	118	136	41	52	64
67	3	7	928	42	54	67
67	3	12	448	42	54	67
67	3	19	24	35	41	48
67	3	30	16	33	37	42
67	3	75	55	38	52	66
67	3	118	135	41	52	63
72	3	7	926	42	54	67
72	3	12	446	42	54	67
72	3	19	24	35	41	48
72	3	30	14	33	36	40
72	3	75	54	39	52	66
72	3	118	135	41	52	63
77	3	7	924	42	54	67
77	3	12	444	42	54	67
77	3	19	24	35	41	48
77	3	30	12	32	35	39
77	3	75	53	40	53	66
77	3	118	135	41	52	63
82	3	7	921	42	54	67
82	3	12	441	42	54	66
82	3	19	24	35	41	48
82	3	30	9	32	34	36
82	3	75	52	40	53	67
82	3	118	135	41	52	63
87	3	7	919	42	54	67
87	3	12	439	42	54	66
87	3	19	24	35	41	48
87	3	30	7	31	33	35
87	3	75	51	41	54	67
87	3	118	135	41	52	63
92	3	7	916	42	54	67
92	3	12	436	42	54	66
92	3	19	24	35	41	48
92	3	30	4	30	31	33
92	3	75	49	42	54	66
92	3	118	135	41	52	63
97	3	7	914	42	54	67
97	3	12	434	42	54	66
97	3	19	24	35	41	48
97	3	30	2	30	30	31
97	3	75	48	41	53	66
97	3	118	135	41	52	63
102	3	7	912	41	54	67
102	3	12	432	41	53	66
102	3	19	24	35	41	48
102	3	75	48	41	53	66
102	3	118	135	41	52	63
107	3	7	909	42	54	67
107	3	12	429	41	53	66
107	3	19	24	35	41	48
107	3	75	47	41	53	65
107	3	118	135	41	52	63
112	3	7	907	42	54	67
112	3	12	427	41	53	66
112	3	19	24	35	41	48
112	3	75	46	41	52	64
112	3	118	135	41	52	63
117	3	7	904	42	54	67
117	3	12	424	41	53	66
117	3	19	24	35	41	48
117	3	75	45	41	52	63
117	3	118	135	41	52	63
122	3	7	902	42	54	67
122	3	12	422	41	53	66
122	3	19	24	35	41	48
122	3	75	44	40	51	63
122	3	118	135	41	52	63
127	3	7	900	42	54	67
127	3	12	420	41	53	66
127	3	19	24	35	41	48
127	3	75	43	40	51	62
127	3	118	134	41	52	63
132	3	7	897	42	54	67
132	3	12	417	41	53	66
132	3	19	24	35	41	48
132	3	75	42	40	50	61
132	3	118	134	41	52	63
137	3	7	895	42	54	67
137	3	12	415	41	54	67
137	3	19	24	35	41	48
137	3	75	42	40	50	61
137	3	118	134	41	52	63
142	3	7	892	42	54	67
142	3	12	412	41	54	67
142	3	19	24	35	41	48
142	3	75	41	40	50	60
142	3	118	134	41	52	63
147	3	7	890	42	54	67
147	3	12	410	41	54	67
147	3	19	24	35	41	48
147	3	75	40	39	49	60
147	3	118	134	41	52	63
152	3	7	888	42	54	67
152	3	12	408	41	54	67
152	3	19	24	35	41	48
152	3	75	40	39	49	60
152	3	118	134	41	52	63
157	3	7	885	42	54	66
157	3	12	405	42	54	67
157	3	19	24	35	41	48
157	3	75	39	39	49	59
157	3	118	134	41	52	63
162	3	7	883	42	54	67
162	3	12	403	42	54	67
162	3	19	24	35	41	48
162	3	75	38	39	48	58
162	3	118	134	41	52	63
167	3	7	880	42	54	67
167	3	12	400	42	54	67
167	3	19	24	35	41	48
167	3	75	38	39	48	58
167	3	118	134	41	52	63
172	3	7	878	42	54	67
172	3	12	398	42	54	67
172	3	19	24	35	41	48
172	3	75	37	39	48	57
172	3	118	134	41	52	63
177	3	7	876	42	54	67
177	3	12	396	42	54	67
177	3	19	24	35	41	48
177	3	75	36	38	47	57
177	3	118	134	41	52	63
182	3	7	873	42	54	67
182	3	12	393	42	54	66
182	3	19	24	35	41	48
182	3	75	36	38	47	57
182	3	118	134	41	52	63
187	3	7	871	42	54	67
187	3	12	391	42	54	66
187	3	19	24	35	41	48
187	3	75	35	38	47	56
187	3	118	133	41	52	63
192	3	7	868	42	54	67
192	3	12	388	42	54	66
192	3	19	24	35	41	48
192	3	75	35	38	47	56
192	3	118	133	41	52	63
197	3	7	866	42	54	67
197	3	12	386	42	54	66
197	3	19	24	35	41	48
197	3	75	34	38	46	55
197	3	118	133	41	52	63
202	3	7	864	41	54	67
202	3	12	384	41	53	66
202	3	19	24	35	41	48
202	3	30	36	38	47	57
202	3	75	34	38	46	55
202	3	118	133	41	52	63
207	3	7	861	42	54	67
207	3	12	381	41	53	66
207	3	19	24	35	41	48
207	3	75	33	38	46	54
207	3	118	133	41	52	63
212	3	7	859	42	54	67
212	3	12	379	41	53	66
212	3	19	24	35	41	48
212	3	75	33	38	46	54
212	3	118	133	41	52	63
217	3	7	856	42	54	67
217	3	12	376	41	53	66
217	3	19	24	35	41	48
217	3	75	32	37	45	54
217	3	118	133	41	52	63
222	3	7	854	42	54	67
222	3	12	374	41	53	66
222	3	19	24	35	41	48
222	3	75	32	37	45	54
222	3	118	133	41	52	63
227	3	7	852	42	54	67
227	3	12	372	41	53	66
227	3	19	24	35	41	48
227	3	75	32	37	45	54
227	3	118	133	41	52	63
232	3	7	849	42	54	67
232	3	12	369	41	53	66
232	3	19	24	35	41	48
232	3	75	31	37	45	53
232	3	118	133	41	52	63
237	3	7	847	42	54	67
237	3	12	367	41	53	66
237	3	19	24	35	41	48
237	3	75	31	37	45	53
237	3	118	132	40	51	63
242	3	7	844	42	54	67
242	3	12	364	41	53	67
242	3	19	24	35	41	48
242	3	75	30	37	44	52
242	3	118	132	40	51	63
247	3	7	842	42	54	67
247	3	12	362	41	54	67
247	3	19	24	35	41	48
247	3	75	30	37	44	52
247	3	118	132	40	51	63
252	3	7	840	42	54	67
252	3	12	360	41	54	67
252	3	19	24	35	41	48
252	3	75	30	37	44	52
252	3	118	132	40	51	63
257	3	7	837	42	54	66
257	3	12	357	41	54	67
257	3	19	24	35	41	48
257	3	75	29	37	44	51
257	3	118	132	40	51	63
262	3	7	835	42	54	66
262	3	12	355	41	54	67
262	3	19	24	35	41	48
262	3	75	29	37	44	51
262	3	118	132	40	51	63
267	3	7	832	42	54	67
267	3	12	352	42	54	67
267	3	19	24	35	41	48
267	3	75	28	36	43	51
267	3	118	132	40	51	63
272	3	7	830	42	54	67
272	3	12	350	42	54	67
272	3	19	24	35	41	48
272	3	75	28	36	43	51
272	3	118	132	40	51	63
277	3	7	828	42	54	67
277	3	12	348	42	54	67
277	3	19	24	35	41	48
277	3	75	28	36	43	51
277	3	118	132	40	51	63
282	3	7	825	42	54	67
282	3	12	345	42	54	66
282	3	19	24	35	41	48
282	3	75	27	36	43	50
282	3	118	132	40	51	63
287	3	7	823	42	54	67
287	3	12	343	42	54	66
287	3	19	24	35	41	48
287	3	75	27	36	43	50
287	3	118	132	40	51	63
292	3	7	820	42	54	67
292	3	12	340	42	54	66
292	3	19	24	35	41	48
292	3	75	27	36	43	50
292	3	118	131	40	51	63
297	3	7	818	42	54	67
297	3	12	338	42	54	66
297	3	19	24	35	41	48
297	3	75	26	36	42	49
297	3	118	131	40	51	63
302	3	7	816	41	54	67
302	3	12	336	41	53	66
302	3	19	24	35	41	48
302	3	75	26	36	42	49
302	3	118	131	40	51	63
307	3	7	813	41	54	67
307	3	12	333	41	53	66
307	3	19	24	35	41	48
307	3	75	26	36	42	49
307	3	118	131	40	51	63
312	3	7	811	41	54	67
312	3	12	331	41	53	66
312	3	19	24	35	41	48
312	3	75	26	36	42	49
312	3	118	131	40	51	63
317	3	7	808	42	54	67
317	3	12	328	41	53	66
317	3	19	24	35	41	48
317	3	75	25	36	42	48
317	3	118	131	40	51	63
322	3	7	806	42	54	67
322	3	12	326	41	53	66
322	3	19	24	35	41	48
322	3	75	25	36	42	48
322	3	118	131	40	51	63
327	3	7	804	42	54	67
327	3	12	324	41	53	66
327	3	19	24	35	41	48
327	3	75	25	36	42	48
327	3	118	131	40	51	63
332	3	7	801	42	54	67
332	3	12	321	41	53	66
332	3	19	24	35	41	48
332	3	75	24	35	41	48
332	3	118	131	40	51	63
337	3	7	799	42	54	67
337	3	12	319	41	53	66
337	3	19	24	35	41	48
337	3	75	24	35	41	48
337	3	118	131	40	51	63
342	3	7	796	42	54	67
342	3	12	316	41	53	66
342	3	19	24	35	41	48
342	3	75	24	35	41	48
342	3	118	130	40	51	63
347	3	7	794	42	54	67
347	3	12	314	41	53	66
347	3	19	24	35	41	48
347	3	75	24	35	41	48
347	3	118	130	40	51	63
352	3	7	792	42	54	67
352	3	12	312	41	53	67
352	3	19	24	35	41	48
352	3	75	24	35	41	48
352	3	118	130	40	51	63
357	3	7	789	42	54	66
357	3	12	309	41	54	67
357	3	19	24	35	41	48
357	3	75	23	35	41	47
357	3	118	130	40	51	63
362	3	7	787	42	54	66
362	3	12	307	41	54	67
362	3	19	24	35	41	48
362	3	75	23	35	41	47
362	3	118	130	40	51	63
367	3	7	784	42	54	66
367	3	12	304	41	54	67
367	3	19	24	35	41	48
367	3	75	23	35	41	47
367	3	118	130	40	51	63
372	3	7	782	42	54	66
372	3	12	302	42	54	67
372	3	19	24	35	41	48
372	3	75	23	35	41	47
372	3	118	130	40	51	63
377	3	7	780	42	54	67
377	3	12	300	42	54	67
377	3	19	24	35	41	48
377	3	75	22	35	40	46
377	3	118	130	40	51	63
382	3	7	777	42	54	67
382	3	12	297	42	54	67
382	3	19	24	35	41	48
382	3	75	22	35	40	46
382	3	118	130	40	51	63
387	3	7	775	42	54	67
387	3	12	295	42	54	66
387	3	19	24	35	41	48
387	3	75	22	35	40	46
387	3	118	129	40	51	63
392	3	7	772	42	54	67
392	3	12	292	42	54	66
392	3	19	24	35	41	48
392	3	75	22	35	40	46
392	3	118	129	40	51	63
397	3	7	770	42	54	67
397	3	12	290	42	54	66
397	3	19	24	35	41	48
397	3	75	22	35	40	46
397	3	118	129	40	51	63
402	3	7	768	41	54	67
402	3	12	288	41	53	66
402	3	19	24	35	41	48
402	3	75	21	35	40	45
402	3	118	129	40	51	63
407	3	7	765	41	54	67
407	3	12	285	41	53	65
407	3	19	24	35	41	48
407	3	75	21	35	40	45
407	3	118	129	40	51	63
412	3	7	763	41	54	67
412	3	12	283	41	53	65
412	3	19	24	35	41	48
412	3	75	21	35	40	45
412	3	118	129	40	51	63
417	3	7	760	41	54	67
417	3	12	280	41	53	66
417	3	19	24	35	41	48
417	3	75	21	35	40	45
417	3	118	129	40	51	63
422	3	7	758	42	54	67
422	3	12	278	41	53	66
422	3	19	24	35	41	48
422	3	75	21	35	40	45
422	3	118	129	40	51	63
427	3	7	756	42	54	67
427	3	12	276	41	52	66
427	3	19	24	35	41	48
427	3	75	20	34	39	45
427	3	118	129	40	51	63
432	3	7	753	42	54	67
432	3	12	273	41	52	66
432	3	19	24	35	41	48
432	3	75	20	34	39	45
432	3	118	129	40	51	63
437	3	7	751	42	54	67
437	3	12	271	41	52	66
437	3	19	24	35	41	48
437	3	75	20	34	39	45
437	3	118	128	40	51	64
442	3	7	748	42	54	67
442	3	12	268	41	53	66
442	3	19	24	35	41	48
442	3	75	20	34	39	45
442	3	118	128	40	51	64
447	3	7	746	42	54	67
447	3	12	266	41	53	66
447	3	19	24	35	41	48
447	3	75	20	34	39	45
447	3	118	128	40	51	64
452	3	7	744	42	54	67
452	3	12	264	40	53	66
452	3	19	24	35	41	48
452	3	75	20	34	39	45
452	3	118	128	40	51	64
457	3	7	741	42	54	67
457	3	12	261	40	53	66
457	3	19	24	35	41	48
457	3	75	19	34	39	44
457	3	118	128	40	51	64
462	3	7	739	42	54	66
462	3	12	259	41	54	67
462	3	19	24	35	41	48
462	3	75	19	34	39	44
462	3	118	128	40	51	64
467	3	7	736	42	54	66
467	3	12	256	41	54	67
467	3	19	24	35	41	48
467	3	75	19	34	39	44
467	3	118	128	40	51	64
472	3	7	734	42	54	66
472	3	12	254	41	54	67
472	3	19	24	35	41	48
472	3	75	19	34	39	44
472	3	118	128	40	51	64
477	3	7	732	42	54	66
477	3	12	252	42	54	67
477	3	19	24	35	41	48
477	3	75	19	34	39	44
477	3	118	127	40	51	64
482	3	7	729	42	54	66
482	3	12	249	42	54	67
482	3	19	24	35	41	48
482	3	75	19	34	39	44
482	3	118	127	40	51	64
487	3	7	727	42	54	67
487	3	12	247	42	54	67
487	3	19	24	35	41	48
487	3	75	18	34	38	43
487	3	118	127	40	51	64
492	3	7	724	42	54	67
492	3	12	244	42	54	66
492	3	19	24	35	41	48
492	3	75	18	34	38	43
492	3	118	127	40	51	64
497	3	7	722	42	54	67
497	3	12	242	42	54	66
497	3	19	24	35	41	48
497	3	75	18	34	38	43
497	3	118	127	40	51	64
502	3	7	720	41	54	67
502	3	12	240	41	53	66
502	3	19	24	35	41	48
502	3	75	18	34	38	43
502	3	118	127	40	51	64
507	3	7	717	41	54	67
507	3	12	237	41	53	65
507	3	19	24	35	41	48
507	3	75	18	34	38	43
507	3	118	127	40	51	64
512	3	7	715	41	54	67
512	3	12	235	41	53	65
512	3	19	24	35	41	48
512	3	75	18	34	38	43
512	3	118	127	40	51	64
517	3	7	712	41	54	67
517	3	12	232	41	53	65
517	3	19	24	35	41	48
517	3	75	18	34	38	43
517	3	118	127	40	51	64
522	3	7	710	41	54	67
522	3	12	230	41	52	65
522	3	19	24	35	41	48
522	3	75	17	34	38	42
522	3	118	126	40	50	64
527	3	7	708	42	54	67
527	3	12	228	41	52	65
527	3	19	24	35	41	48
527	3	75	17	34	38	42
527	3	118	126	40	50	64
532	3	7	705	42	54	67
532	3	12	225	41	52	65
532	3	19	24	35	41	48
532	3	75	17	34	38	42
532	3	118	126	40	50	64
537	3	7	703	42	54	67
537	3	12	223	41	52	66
537	3	19	24	35	41	48
537	3	75	17	34	38	42
537	3	118	126	40	50	64
542	3	7	700	42	54	67
542	3	12	220	40	52	66
542	3	19	24	35	41	48
542	3	75	17	34	38	42
542	3	118	126	40	50	64
547	3	7	698	42	54	67
547	3	12	218	40	52	66
547	3	19	24	35	41	48
547	3	75	17	34	38	42
547	3	118	126	40	50	64
552	3	7	696	42	54	67
552	3	12	216	40	52	66
552	3	19	24	35	41	48
552	3	75	17	34	38	42
552	3	118	126	40	50	64
557	3	7	693	42	54	67
557	3	12	213	40	53	66
557	3	19	24	35	41	48
557	3	75	17	34	38	42
557	3	118	126	40	50	64
562	3	7	691	42	54	67
562	3	12	211	40	53	66
562	3	19	24	35	41	48
562	3	75	16	33	37	42
562	3	118	125	40	50	64
567	3	7	688	42	54	66
567	3	12	208	40	53	67
567	3	19	24	35	41	48
567	3	75	16	33	37	42
567	3	118	125	40	50	64
572	3	7	686	42	54	66
572	3	12	206	41	54	67
572	3	19	24	35	41	48
572	3	75	16	33	37	42
572	3	118	125	40	50	64
577	3	7	684	42	54	66
577	3	12	204	41	54	67
577	3	19	24	35	41	48
577	3	75	16	33	37	42
577	3	118	125	40	50	64
582	3	7	681	42	54	66
582	3	12	201	42	54	67
582	3	19	24	35	41	48
582	3	75	16	33	37	42
582	3	118	125	40	50	64
587	3	7	679	42	54	66
587	3	12	199	42	54	67
587	3	19	24	35	41	48
587	3	75	16	33	37	42
587	3	118	125	40	50	64
592	3	7	676	42	54	67
592	3	12	196	42	54	66
592	3	19	24	35	41	48
592	3	75	16	33	37	42
592	3	118	125	40	50	64
597	3	7	674	42	54	67
597	3	12	194	42	54	66
597	3	19	24	35	41	48
597	3	75	16	33	37	42
597	3	118	125	40	50	64
602	3	7	672	41	54	67
602	3	12	192	41	53	66
602	3	19	24	35	41	48
602	3	75	16	33	37	42
602	3	118	124	40	50	64
607	3	7	669	41	54	67
607	3	12	189	41	53	65
607	3	19	24	35	41	48
607	3	75	15	33	37	41
607	3	118	124	40	50	64
612	3	7	667	41	54	67
612	3	12	187	41	53	65
612	3	19	24	35	41	48
612	3	75	15	33	37	41
612	3	118	124	40	50	64
617	3	7	664	41	54	67
617	3	12	184	41	52	64
617	3	19	24	35	41	48
617	3	75	15	33	37	41
617	3	118	124	40	50	64
622	3	7	662	41	54	67
622	3	12	182	41	52	64
622	3	19	24	35	41	48
622	3	75	15	33	37	41
622	3	118	124	40	50	64
627	3	7	660	41	54	67
627	3	12	180	41	52	65
627	3	19	24	35	41	48
627	3	75	15	33	37	41
627	3	118	124	40	50	64
632	3	7	657	42	54	67
632	3	12	177	41	52	65
632	3	19	24	35	41	48
632	3	75	15	33	37	41
632	3	118	124	40	50	64
637	3	7	655	42	54	67
637	3	12	175	40	51	65
637	3	19	24	35	41	48
637	3	75	15	33	37	41
637	3	118	123	40	50	64
642	3	7	652	42	54	67
642	3	12	172	40	51	65
642	3	19	24	35	41	48
642	3	75	15	33	37	41
642	3	118	123	40	50	64
647	3	7	650	42	54	67
647	3	12	170	40	51	65
647	3	19	24	35	41	48
647	3	75	15	33	37	41
647	3	118	123	40	50	64
652	3	7	648	42	54	67
652	3	12	168	40	51	66
652	3	19	24	35	41	48
652	3	75	15	33	37	41
652	3	118	123	40	50	64
657	3	7	645	42	54	67
657	3	12	165	40	52	66
657	3	19	24	35	41	48
657	3	75	14	33	36	40
657	3	118	123	40	50	64
662	3	7	643	42	54	67
662	3	12	163	40	52	66
662	3	19	24	35	41	48
662	3	75	14	33	36	40
662	3	118	123	40	50	64
667	3	7	640	42	54	66
667	3	12	160	39	53	66
667	3	19	24	35	41	48
667	3	75	14	33	36	40
667	3	118	123	40	50	64
672	3	7	638	42	54	66
672	3	12	158	40	53	66
672	3	19	24	35	41	48
672	3	75	14	33	36	40
672	3	118	122	40	50	64
677	3	7	636	42	54	66
677	3	12	156	40	53	67
677	3	19	24	35	41	48
677	3	75	14	33	36	40
677	3	118	122	40	50	64
682	3	7	633	42	54	66
682	3	12	153	41	54	67
682	3	19	24	35	41	48
682	3	75	14	33	36	40
682	3	118	122	40	50	64
687	3	7	631	42	54	66
687	3	12	151	42	54	67
687	3	19	24	35	41	48
687	3	75	14	33	36	40
687	3	118	122	40	50	64
692	3	7	628	42	54	66
692	3	12	148	42	54	67
692	3	19	24	35	41	48
692	3	75	14	33	36	40
692	3	118	122	40	50	64
697	3	7	626	42	54	66
697	3	12	146	42	54	66
697	3	19	24	35	41	48
697	3	75	14	33	36	40
697	3	118	122	40	50	64
702	3	7	624	41	53	67
702	3	12	144	41	53	66
702	3	19	24	35	41	48
702	3	75	14	33	36	40
702	3	118	122	40	50	64
707	3	7	621	41	54	67
707	3	12	141	41	53	65
707	3	19	24	35	41	48
707	3	75	14	33	36	40
707	3	118	121	40	50	64
712	3	7	619	41	54	67
712	3	12	139	41	53	64
712	3	19	24	35	41	48
712	3	75	13	33	36	39
712	3	118	121	40	50	64
717	3	7	616	41	54	67
717	3	12	136	41	52	64
717	3	19	24	35	41	48
717	3	75	13	33	36	39
717	3	118	121	40	50	64
722	3	7	614	41	54	67
722	3	12	134	41	52	63
722	3	19	24	35	41	48
722	3	75	13	33	36	39
722	3	118	121	40	50	64
727	3	7	612	41	54	67
727	3	12	132	40	51	63
727	3	19	24	35	41	48
727	3	75	13	33	36	39
727	3	118	121	40	50	64
732	3	7	609	41	54	67
732	3	12	129	40	51	63
732	3	19	24	35	41	48
732	3	75	13	33	36	39
732	3	118	121	40	50	64
737	3	7	607	42	54	67
737	3	12	127	40	51	64
737	3	19	24	35	41	48
737	3	75	13	33	36	39
737	3	118	121	40	50	64
742	3	7	604	42	54	67
742	3	12	124	40	50	64
742	3	19	24	35	41	48
742	3	75	13	33	36	39
742	3	118	120	39	49	65
747	3	7	602	42	54	67
747	3	12	122	40	50	64
747	3	19	24	35	41	48
747	3	75	13	33	36	39
747	3	118	120	39	49	65
752	3	7	600	42	54	67
752	3	12	120	39	49	65
752	3	19	24	35	41	48
752	3	75	13	33	36	39
752	3	118	120	39	49	65
757	3	7	597	42	54	67
757	3	12	117	39	50	65
757	3	19	24	35	41	48
757	3	75	13	33	36	39
757	3	118	120	39	49	65
762	3	7	595	42	54	67
762	3	12	115	39	51	65
762	3	19	24	35	41	48
762	3	75	13	33	36	39
762	3	118	120	39	49	65
767	3	7	592	42	54	67
767	3	12	112	39	51	66
767	3	19	24	35	41	48
767	3	75	13	33	36	39
767	3	118	120	39	49	65
772	3	7	590	42	54	66
772	3	12	110	39	52	66
772	3	19	24	35	41	48
772	3	75	13	33	36	39
772	3	118	119	39	50	65
777	3	7	588	42	54	66
777	3	12	108	39	52	66
777	3	19	24	35	41	48
777	3	75	12	32	35	39
777	3	118	119	39	50	65
782	3	7	585	42	54	66
782	3	12	105	40	53	66
782	3	19	24	35	41	48
782	3	75	12	32	35	39
782	3	118	119	39	50	65
787	3	7	583	42	54	66
787	3	12	103	41	54	67
787	3	19	24	35	41	48
787	3	75	12	32	35	39
787	3	118	119	39	50	65
792	3	7	580	42	54	66
792	3	12	100	42	54	67
792	3	19	24	35	41	48
792	3	75	12	32	35	39
792	3	118	119	39	50	65
797	3	7	578	42	54	66
797	3	12	98	42	54	66
797	3	19	24	35	41	48
797	3	75	12	32	35	39
797	3	118	119	39	50	65
802	3	7	576	41	53	66
802	3	12	96	41	53	66
802	3	19	24	35	41	48
802	3	75	12	32	35	39
802	3	118	118	39	50	65
807	3	7	573	41	53	66
807	3	12	93	41	53	64
807	3	19	24	35	41	48
807	3	75	12	32	35	39
807	3	118	118	39	50	65
812	3	7	571	41	54	67
812	3	12	91	41	52	64
812	3	19	24	35	41	48
812	3	75	12	32	35	39
812	3	118	118	39	50	65
817	3	7	568	41	54	67
817	3	12	88	40	51	63
817	3	19	24	35	41	48
817	3	75	12	32	35	39
817	3	118	118	39	50	65
822	3	7	566	41	54	67
822	3	12	86	40	51	62
822	3	19	24	35	41	48
822	3	75	12	32	35	39
822	3	118	118	39	50	65
827	3	7	564	41	54	67
827	3	12	84	40	50	61
827	3	19	24	35	41	48
827	3	75	12	32	35	39
827	3	118	118	39	50	65
832	3	7	561	41	54	67
832	3	12	81	40	50	60
832	3	19	24	35	41	48
832	3	75	12	32	35	39
832	3	118	117	39	50	65
837	3	7	559	41	54	67
837	3	12	79	39	49	60
837	3	19	24	35	41	48
837	3	75	12	32	35	39
837	3	118	117	39	50	65
842	3	7	556	42	54	67
842	3	12	76	39	48	61
842	3	19	24	35	41	48
842	3	75	12	32	35	39
842	3	118	117	39	50	65
847	3	7	554	42	54	67
847	3	12	74	39	48	61
847	3	19	24	35	41	48
847	3	75	12	32	35	39
847	3	118	117	39	50	65
852	3	7	552	42	54	67
852	3	12	72	38	47	62
852	3	19	24	35	41	48
852	3	75	12	32	35	39
852	3	118	117	39	50	65
857	3	7	549	42	54	67
857	3	12	69	38	47	62
857	3	19	24	35	41	48
857	3	75	11	32	35	38
857	3	118	117	39	50	65
862	3	7	547	42	54	67
862	3	12	67	38	46	63
862	3	19	24	35	41	48
862	3	75	11	32	35	38
862	3	118	116	39	50	65
867	3	7	544	42	54	67
867	3	12	64	37	47	64
867	3	19	24	35	41	48
867	3	75	11	32	35	38
867	3	118	116	39	50	65
872	3	7	542	42	54	66
872	3	12	62	37	48	64
872	3	19	24	35	41	48
872	3	75	11	32	35	38
872	3	118	116	39	50	65
877	3	7	540	42	54	66
877	3	12	60	37	49	65
877	3	19	24	35	41	48
877	3	75	11	32	35	38
877	3	118	116	39	50	65
882	3	7	537	42	54	66
882	3	12	57	37	51	65
882	3	19	24	35	41	48
882	3	75	11	32	35	38
882	3	118	116	39	50	65
887	3	7	535	42	54	66
887	3	12	55	38	52	66
887	3	19	24	35	41	48
887	3	75	11	32	35	38
887	3	118	115	39	51	65
892	3	7	532	42	54	66
892	3	12	52	40	53	67
892	3	19	24	35	41	48
892	3	75	11	32	35	38
892	3	118	115	39	51	65
897	3	7	530	42	54	66
897	3	12	50	42	54	67
897	3	19	24	35	41	48
897	3	75	11	32	35	38
897	3	118	115	39	51	65
902	3	7	528	41	53	66
902	3	12	48	41	53	66
902	3	19	24	35	41	48
902	3	75	11	32	35	38
902	3	118	115	39	51	65
907	3	7	525	41	53	66
907	3	12	45	41	52	63
907	3	19	24	35	41	48
907	3	75	11	32	35	38
907	3	118	115	39	51	65
912	3	7	523	41	53	66
912	3	12	43	40	51	62
912	3	19	24	35	41	48
912	3	75	11	32	35	38
912	3	118	114	39	51	65
917	3	7	520	41	53	67
917	3	12	40	39	49	60
917	3	19	24	35	41	48
917	3	75	11	32	35	38
917	3	118	114	39	51	65
922	3	7	518	41	54	67
922	3	12	38	39	48	58
922	3	19	24	35	41	48
922	3	75	11	32	35	38
922	3	118	114	39	51	65
927	3	7	516	41	54	67
927	3	12	36	38	47	57
927	3	19	24	35	41	48
927	3	75	11	32	35	38
927	3	118	114	39	51	65
932	3	7	513	41	54	67
932	3	12	33	38	46	54
932	3	19	24	35	41	48
932	3	75	11	32	35	38
932	3	118	114	39	51	65
937	3	7	511	41	54	67
937	3	12	31	37	45	53
937	3	19	24	35	41	48
937	3	75	11	32	35	38
937	3	118	113	39	51	65
942	3	7	508	41	54	67
942	3	12	28	36	43	51
942	3	19	24	35	41	48
942	3	75	11	32	35	38
942	3	118	113	39	51	65
947	3	7	506	42	54	67
947	3	12	26	36	42	49
947	3	19	24	35	41	48
947	3	75	10	32	34	37
947	3	118	113	39	51	65
952	3	7	504	42	54	67
952	3	12	24	35	41	48
952	3	19	24	35	41	48
952	3	75	10	32	34	37
952	3	118	113	39	51	65
957	3	7	501	42	54	67
957	3	12	21	35	40	45
957	3	19	24	35	41	48
957	3	75	10	32	34	37
957	3	118	113	39	51	65
962	3	7	499	42	54	67
962	3	12	19	34	39	44
962	3	19	24	35	41	48
962	3	75	10	32	34	37
962	3	118	112	39	51	66
967	3	7	496	42	54	67
967	3	12	16	33	37	42
967	3	19	24	35	41	48
967	3	75	10	32	34	37
967	3	118	112	39	51	66
972	3	7	494	42	54	67
972	3	12	14	33	36	40
972	3	19	24	35	41	48
972	3	75	10	32	34	37
972	3	118	112	39	51	66
977	3	7	492	42	54	66
977	3	12	12	32	35	39
977	3	19	24	35	41	48
977	3	75	10	32	34	37
977	3	118	112	39	51	66
982	3	7	489	42	54	66
982	3	12	9	32	34	36
982	3	19	24	35	41	48
982	3	75	10	32	34	37
982	3	118	111	39	52	66
987	3	7	487	42	54	66
987	3	12	7	31	33	35
987	3	19	24	35	41	48
987	3	75	10	32	34	37
987	3	118	111	39	52	66
992	3	7	484	42	54	66
992	3	12	4	30	31	33
992	3	19	24	35	41	48
992	3	75	10	32	34	37
992	3	118	111	39	52	66
997	3	7	482	42	54	66
997	3	12	2	30	30	31
997	3	19	24	35	41	48
997	3	75	10	32	34	37
997	3	118	111	39	52	66
1002	3	7	480	41	53	66
1002	3	19	24	35	41	48
1002	3	75	10	32	34	37
1002	3	118	110	39	52	66
1007	3	7	477	41	53	66
1007	3	19	24	35	41	48
1007	3	75	10	32	34	37
1007	3	118	110	39	52	66
1012	3	7	475	41	53	66
1012	3	19	24	35	41	48
1012	3	75	10	32	34	37
1012	3	118	110	39	52	66
1017	3	7	472	41	53	66
1017	3	19	24	35	41	48
1017	3	75	10	32	34	37
1017	3	118	110	39	52	66
1022	3	7	470	41	53	66
1022	3	19	24	35	41	48
1022	3	75	10	32	34	37
1022	3	118	110	39	52	66
1027	3	7	468	41	53	67
1027	3	19	24	35	41	48
1027	3	75	10	32	34	37
1027	3	118	109	39	52	66
1032	3	7	465	41	54	67
1032	3	19	24	35	41	48
1032	3	75	10	32	34	37
1032	3	118	109	39	52	66
1037	3	7	463	41	54	67
1037	3	19	24	35	41	48
1037	3	75	10	32	34	37
1037	3	118	109	39	52	66
1042	3	7	460	41	54	67
1042	3	19	24	35	41	48
1042	3	75	10	32	34	37
1042	3	118	109	39	52	66
1047	3	7	458	41	54	67
1047	3	19	24	35	41	48
1047	3	75	10	32	34	37
1047	3	118	108	39	52	66
1052	3	7	456	41	54	67
1052	3	19	24	35	41	48
1052	3	75	10	32	34	37
1052	3	118	108	39	52	66
1057	3	7	453	42	54	67
1057	3	19	24	35	41	48
1057	3	75	9	32	34	36
1057	3	118	108	39	52	66
1062	3	7	451	42	54	67
1062	3	19	24	35	41	48
1062	3	75	9	32	34	36
1062	3	118	107	39	53	66
1067	3	7	448	42	54	67
1067	3	19	24	35	41	48
1067	3	75	9	32	34	36
1067	3	118	107	39	53	66
1072	3	7	446	42	54	67
1072	3	19	24	35	41	48
1072	3	75	9	32	34	36
1072	3	118	107	39	53	66
1077	3	7	444	42	54	67
1077	3	19	24	35	41	48
1077	3	75	9	32	34	36
1077	3	118	107	39	53	66
1082	3	7	441	42	54	66
1082	3	19	24	35	41	48
1082	3	75	9	32	34	36
1082	3	118	106	40	53	66
1087	3	7	439	42	54	66
1087	3	19	24	35	41	48
1087	3	75	9	32	34	36
1087	3	118	106	40	53	66
1092	3	7	436	42	54	66
1092	3	19	24	35	41	48
1092	3	75	9	32	34	36
1092	3	118	106	40	53	66
1097	3	7	434	42	54	66
1097	3	19	24	35	41	48
1097	3	75	9	32	34	36
1097	3	118	106	40	53	66
1102	3	7	432	41	53	66
1102	3	19	24	35	41	48
1102	3	75	9	32	34	36
1102	3	118	105	40	53	66
1107	3	7	429	41	53	66
1107	3	19	24	35	41	48
1107	3	75	9	32	34	36
1107	3	118	105	40	53	66
1112	3	7	427	41	53	66
1112	3	19	24	35	41	48
1112	3	75	9	32	34	36
1112	3	118	105	40	53	66
1117	3	7	424	41	53	66
1117	3	19	24	35	41	48
1117	3	75	9	32	34	36
1117	3	118	104	40	53	67
1122	3	7	422	41	53	66
1122	3	19	24	35	41	48
1122	3	75	9	32	34	36
1122	3	118	104	40	53	67
1127	3	7	420	41	53	66
1127	3	19	24	35	41	48
1127	3	75	9	32	34	36
1127	3	118	104	40	53	67
1132	3	7	417	41	53	66
1132	3	19	24	35	41	48
1132	3	75	9	32	34	36
1132	3	118	103	41	54	67
1137	3	7	415	41	54	67
1137	3	19	24	35	41	48
1137	3	75	9	32	34	36
1137	3	118	103	41	54	67
1142	3	7	412	41	54	67
1142	3	19	24	35	41	48
1142	3	75	9	32	34	36
1142	3	118	103	41	54	67
1147	3	7	410	41	54	67
1147	3	19	24	35	41	48
1147	3	75	9	32	34	36
1147	3	118	102	41	54	67
1152	3	7	408	41	54	67
1152	3	19	24	35	41	48
1152	3	75	9	32	34	36
1152	3	118	102	41	54	67
1157	3	7	405	42	54	67
1157	3	19	24	35	41	48
1157	3	75	9	32	34	36
1157	3	118	102	41	54	67
1162	3	7	403	42	54	67
1162	3	19	24	35	41	48
1162	3	75	9	32	34	36
1162	3	118	101	42	54	67
1167	3	7	400	42	54	67
1167	3	19	24	35	41	48
1167	3	75	9	32	34	36
1167	3	118	101	42	54	67
1172	3	7	398	42	54	67
1172	3	19	24	35	41	48
1172	3	75	9	32	34	36
1172	3	118	101	42	54	67
1177	3	7	396	42	54	67
1177	3	19	24	35	41	48
1177	3	75	9	32	34	36
1177	3	118	100	42	54	67
1182	3	7	393	42	54	66
1182	3	19	24	35	41	48
1182	3	75	9	32	34	36
1182	3	118	100	42	54	67
1187	3	7	391	42	54	66
1187	3	19	24	35	41	48
1187	3	75	8	31	33	36
1187	3	118	100	42	54	67
1192	3	7	388	42	54	66
1192	3	19	24	35	41	48
1192	3	75	8	31	33	36
1192	3	118	99	42	54	67
1197	3	7	386	42	54	66
1197	3	19	24	35	41	48
1197	3	75	8	31	33	36
1197	3	118	99	42	54	67
1202	3	7	384	41	53	66
1202	3	19	24	35	41	48
1202	3	75	8	31	33	36
1202	3	118	99	42	54	67
1207	3	7	381	41	53	66
1207	3	19	24	35	41	48
1207	3	75	8	31	33	36
1207	3	118	98	42	54	66
1212	3	7	379	41	53	66
1212	3	19	24	35	41	48
1212	3	75	8	31	33	36
1212	3	118	98	42	54	66
1217	3	7	376	41	53	66
1217	3	19	24	35	41	48
1217	3	75	8	31	33	36
1217	3	118	97	42	54	66
1222	3	7	374	41	53	66
1222	3	19	24	35	41	48
1222	3	75	8	31	33	36
1222	3	118	97	42	54	66
1227	3	7	372	41	53	66
1227	3	19	24	35	41	48
1227	3	75	8	31	33	36
1227	3	118	97	42	54	66
1232	3	7	369	41	53	66
1232	3	19	24	35	41	48
1232	3	75	8	31	33	36
1232	3	118	96	41	53	66
1237	3	7	367	41	53	66
1237	3	19	24	35	41	48
1237	3	75	8	31	33	36
1237	3	118	96	41	53	66
1242	3	7	364	41	53	67
1242	3	19	24	35	41	48
1242	3	75	8	31	33	36
1242	3	118	95	41	53	65
1247	3	7	362	41	54	67
1247	3	19	24	35	41	48
1247	3	75	8	31	33	36
1247	3	118	95	41	53	65
1252	3	7	360	41	54	67
1252	3	19	24	35	41	48
1252	3	75	8	31	33	36
1252	3	118	94	41	53	65
1257	3	7	357	41	54	67
1257	3	19	24	35	41	48
1257	3	75	8	31	33	36
1257	3	118	94	41	53	65
1262	3	7	355	41	54	67
1262	3	19	24	35	41	48
1262	3	75	8	31	33	36
1262	3	118	93	41	53	64
1267	3	7	352	42	54	67
1267	3	19	24	35	41	48
1267	3	75	8	31	33	36
1267	3	118	93	41	53	64
1272	3	7	350	42	54	67
1272	3	19	24	35	41	48
1272	3	75	8	31	33	36
1272	3	118	92	41	52	64
1277	3	7	348	42	54	67
1277	3	19	24	35	41	48
1277	3	75	8	31	33	36
1277	3	118	92	41	52	64
1282	3	7	345	42	54	66
1282	3	19	24	35	41	48
1282	3	75	8	31	33	36
1282	3	118	91	41	52	64
1287	3	7	343	42	54	66
1287	3	19	24	35	41	48
1287	3	75	8	31	33	36
1287	3	118	91	41	52	64
1292	3	7	340	42	54	66
1292	3	19	24	35	41	48
1292	3	75	8	31	33	36
1292	3	118	90	41	52	63
1297	3	7	338	42	54	66
1297	3	19	24	35	41	48
1297	3	75	8	31	33	36
1297	3	118	90	41	52	63
1302	3	7	336	41	53	66
1302	3	19	24	35	41	48
1302	3	75	8	31	33	36
1302	3	118	89	41	52	63
1307	3	7	333	41	53	66
1307	3	19	24	35	41	48
1307	3	75	8	31	33	36
1307	3	118	89	41	52	63
1312	3	7	331	41	53	66
1312	3	19	24	35	41	48
1312	3	75	8	31	33	36
1312	3	118	88	40	51	63
1317	3	7	328	41	53	66
1317	3	19	24	35	41	48
1317	3	75	8	31	33	36
1317	3	118	87	40	51	62
1322	3	7	326	41	53	66
1322	3	19	24	35	41	48
1322	3	75	8	31	33	36
1322	3	118	87	40	51	62
1327	3	7	324	41	53	66
1327	3	19	24	35	41	48
1327	3	75	8	31	33	36
1327	3	118	86	40	51	62
1332	3	7	321	41	53	66
1332	3	19	24	35	41	48
1332	3	75	8	31	33	36
1332	3	118	86	40	51	62
1337	3	7	319	41	53	66
1337	3	19	24	35	41	48
1337	3	75	8	31	33	36
1337	3	118	85	40	51	61
1342	3	7	316	41	53	66
1342	3	19	24	35	41	48
1342	3	75	8	31	33	36
1342	3	118	84	40	50	61
1347	3	7	314	41	53	66
1347	3	19	24	35	41	48
1347	3	75	8	31	33	36
1347	3	118	83	40	50	61
1352	3	7	312	41	53	67
1352	3	19	24	35	41	48
1352	3	75	8	31	33	36
1352	3	118	83	40	50	61
1357	3	7	309	41	54	67
1357	3	19	24	35	41	48
1357	3	75	7	31	33	35
1357	3	118	82	40	50	60
1362	3	7	307	41	54	67
1362	3	19	24	35	41	48
1362	3	75	7	31	33	35
1362	3	118	81	40	50	60
1367	3	7	304	41	54	67
1367	3	19	24	35	41	48
1367	3	75	7	31	33	35
1367	3	118	80	39	49	60
1372	3	7	302	42	54	67
1372	3	19	24	35	41	48
1372	3	75	7	31	33	35
1372	3	118	79	39	49	60
1377	3	7	300	42	54	67
1377	3	19	24	35	41	48
1377	3	75	7	31	33	35
1377	3	118	79	39	49	60
1382	3	7	297	42	54	67
1382	3	19	24	35	41	48
1382	3	75	7	31	33	35
1382	3	118	78	39	49	60
1387	3	7	295	42	54	66
1387	3	19	24	35	41	48
1387	3	75	7	31	33	35
1387	3	118	77	39	49	60
1392	3	7	292	42	54	66
1392	3	19	24	35	41	48
1392	3	75	7	31	33	35
1392	3	118	76	39	48	61
1397	3	7	290	42	54	66
1397	3	19	24	35	41	48
1397	3	75	7	31	33	35
1397	3	118	75	39	48	61
1402	3	7	288	41	53	66
1402	3	19	24	35	41	48
1402	3	75	7	31	33	35
1402	3	118	74	39	48	61
1407	3	7	285	41	53	65
1407	3	19	24	35	41	48
1407	3	75	7	31	33	35
1407	3	118	73	39	48	61
1412	3	7	283	41	53	65
1412	3	19	24	35	41	48
1412	3	75	7	31	33	35
1412	3	118	71	38	47	62
1417	3	7	280	41	53	66
1417	3	19	24	35	41	48
1417	3	75	7	31	33	35
1417	3	118	70	38	47	62
1422	3	7	278	41	53	66
1422	3	19	24	35	41	48
1422	3	75	7	31	33	35
1422	3	118	69	38	47	62
1427	3	7	276	41	52	66
1427	3	19	24	35	41	48
1427	3	75	7	31	33	35
1427	3	118	67	38	46	63
1432	3	7	273	41	52	66
1432	3	19	24	35	41	48
1432	3	75	7	31	33	35
1432	3	118	66	38	46	63
1437	3	7	271	41	52	66
1437	3	19	24	35	41	48
1437	3	75	7	31	33	35
1437	3	118	64	37	47	64
1442	3	7	268	41	53	66
1442	3	19	24	35	41	48
1442	3	75	7	31	33	35
1442	3	118	63	37	48	64
1447	3	7	266	41	53	66
1447	3	19	24	35	41	48
1447	3	75	7	31	33	35
1447	3	118	61	37	49	64
1452	3	7	264	40	53	66
1452	3	19	24	35	41	48
1452	3	75	7	31	33	35
1452	3	118	59	37	50	65
1457	3	7	261	40	53	66
1457	3	19	24	35	41	48
1457	3	75	7	31	33	35
1457	3	118	57	37	51	65
1462	3	7	259	41	54	67
1462	3	19	24	35	41	48
1462	3	75	7	31	33	35
1462	3	118	55	38	52	66
1467	3	7	256	41	54	67
1467	3	19	24	35	41	48
1467	3	75	7	31	33	35
1467	3	118	52	40	53	67
1472	3	7	254	41	54	67
1472	3	19	24	35	41	48
1472	3	75	7	31	33	35
1472	3	118	49	42	54	66
1477	3	7	252	42	54	67
1477	3	19	24	35	41	48
1477	3	75	7	31	33	35
1477	3	118	46	41	52	64
1482	3	7	249	42	54	67
1482	3	19	24	35	41	48
1482	3	75	7	31	33	35
1482	3	118	43	40	51	62
1487	3	7	247	42	54	67
1487	3	19	24	35	41	48
1487	3	75	7	31	33	35
1487	3	118	38	39	48	58
1492	3	7	244	42	54	66
1492	3	19	24	35	41	48
1492	3	75	7	31	33	35
1492	3	118	33	38	46	54
1497	1	7	81	42	54	66
1497	1	19	8	33	39	48
1497	1	75	3	30	33	36
1497	1	118	9	36	42	48
