pressure [db]	time [yyyymmddhhmmssmmm]	chloro fluo [mg chl m-3]	conductivity [ms cm-1]	cpar [%]	depth [m]	fcdom [ppb qse]	in situ density anomaly [kg m-3]	nitrate [umol l-1]	oxygen [umol kg-1]	oxygen [ml l-1]	par [umol m-2 s-1]	potential density anomaly [kg m-3]	potential temperature [degc]	practical salinity [psu]	qc flag	spar [umol m-2 s-1]	temperature [degc]	bbp470 [m-1]	beam transmission 660 nm [%]	beam attenuation coef 660 nm [m-1]	nitrate isus [?mol/l]	oxygen  [ml/l]	oxygen  [umol/kg]	oxygen per sat [?mol/kg]	par [?mol m-2 s-1]	par ratio [%]	part backscattering coef 470 nm [m-1]	ph	spar [?mol m-2 s-1]	time [second]
6.0	20190101021400000	1.4261	4.361766		5.932								15.1349	35.5134	0		15.1358		89.7837						140.01					
7.0	20190101021600000	1.3777	4.36185		6.949								15.1351	35.5135	0		15.1362		89.7325						107.43					
8.0	20190101021900000	1.4047	4.361866		7.938								15.1347	35.5134	0		15.136		89.7521						88.941					
9.0	20190101022100000	1.3874	4.361821		8.925								15.1338	35.5133	0		15.1352		89.7604						77.365					
10.0	20190101022400000	1.4028	4.361996		9.913								15.1348	35.5134	0		15.1364		89.8839						64.558					
11.0	20190101022600000	1.3751	4.36221		10.907								15.1364	35.5134	0		15.138		89.8738						57.975					
12.0	20190101022900000	1.3534	4.362239		11.898								15.136	35.5134	0		15.1378		89.8283						48.615					
13.0	20190101023100000	1.4118	4.362254		12.887								15.1356	35.5134	0		15.1376		89.8796						44.828					
14.0	20190101023400000	1.4385	4.362384		13.884								15.1364	35.5133	0		15.1385		89.8567						37.071					
15.0	20190101023600000	1.3863	4.362515		14.867								15.1369	35.5134	0		15.1392		89.7767						31.842					
16.0	20190101023900000	1.4183	4.362656		15.865								15.1374	35.5137	0		15.1399		89.7101						28.805					
17.0	20190101024100000	1.3703	4.362443		16.865								15.135	35.5135	0		15.1376		89.6507						21.252					
18.0	20190101024400000	1.4348	4.361755		17.845								15.1278	35.5133	0		15.1306		89.9784						19.615					
19.0	20190101024600000	1.4167	4.361638		18.84								15.126	35.5134	0		15.1288		89.9096						16.783					
20.0	20190101024900000	1.375	4.361421		19.833								15.1232	35.5134	0		15.1263		90.043						13.384					
21.0	20190101025100000	1.3243	4.361073		20.818								15.1192	35.5133	0		15.1224		89.9846						13.233					
22.0	20190101025400000	1.4042	4.361375		21.812								15.1215	35.5134	0		15.1248		89.9232						11.014					
23.0	20190101025600000	1.4031	4.360947		22.806								15.1169	35.5132	0		15.1204		89.9459						8.8619					
24.0	20190101025900000	1.3571	4.360983		23.79								15.1165	35.5133	0		15.1201		90.0763						8.607					
25.0	20190101030100000	1.3616	4.361025		24.788								15.1162	35.5133	0		15.12		90.1155						7.643					
26.0	20190101030400000	1.3424	4.360121		25.78								15.1066	35.5134	0		15.1106		90.0388						5.8821					
27.0	20190101030600000	1.3059	4.358595		26.768								15.0908	35.5137	0		15.0949		90.3792						5.5486					
28.0	20190101030900000	1.3114	4.356779		27.762								15.0716	35.5142	0		15.0759		90.3431						5.0099					
29.0	20190101031100000	1.3585	4.354791		28.751								15.0511	35.5145	0		15.0555		90.7258						3.8452					
30.0	20190101031400000	1.3477	4.353628		29.744								15.0383	35.5148	0		15.0429		90.8328						3.5518					
31.0	20190101031600000	1.3384	4.35005		30.728								15.0012	35.516	0		15.0059		91.0468						3.324					
32.0	20190101031900000	1.2961	4.340026		31.728								14.9021	35.5166	0		14.9069		91.0525						2.659					
33.0	20190101032100000	1.2077	4.294824		32.721								14.4357	35.5357	0		14.4405		91.7079						2.2442					
34.0	20190101032400000	0.9607	4.232518		33.707								13.8121	35.5406	0		13.817		93.74						2.0589					
35.0	20190101032600000	0.7586	4.187758		34.702								13.353	35.5485	0		13.3579		94.7315						1.7388					
36.0	20190101032900000	0.6093	4.165259		35.685								13.1213	35.5468	0		13.1262		95.9454						1.6422					
37.0	20190101033100000	0.5465	4.1629		36.685								13.0945	35.5463	0		13.0996		96.2533						1.4698					
38.0	20190101033400000	0.4967	4.160813		37.681								13.0713	35.5442	0		13.0765		96.4904						1.2875					
39.0	20190101033600000	0.4339	4.159822		38.657								13.0563	35.5397	0		13.0617		96.9021						1.149					
40.0	20190101033900000	0.4261	4.155974		39.657								13.0172	35.5391	0		13.0227		96.9524						1.0755					
41.0	20190101034100000	0.4043	4.151809		40.657								12.9759	35.5374	0		12.9815		97.0573						0.99999					
42.0	20190101034400000	0.3279	4.150174		41.641								12.9588	35.5345	0		12.9646		97.5856						0.86185					
43.0	20190101034600000	0.2828	4.14936		42.626								12.951	35.5311	0		12.9569		97.8514						0.81936					
44.0	20190101034900000	0.2754	4.147749		43.62								12.937	35.5282	0		12.943		97.8486						0.78721					
45.0	20190101035100000	0.26	4.142641		44.617								12.89	35.5234	0		12.8962		97.8595						0.70799					
46.0	20190101035400000	0.2219	4.136071		45.612								12.8282	35.5184	0		12.8345		98.0991						0.60129					
47.0	20190101035600000	0.1913	4.127808		46.596								12.7567	35.5059	0		12.7631		98.3488						0.55629					
48.0	20190101035900000	0.1781	4.125152		47.589								12.7307	35.504	0		12.7372		98.4319						0.52584					
49.0	20190101040100000	0.1667	4.125123		48.579								12.7271	35.5058	0		12.7338		98.4802						0.49039					
50.0	20190101040400000	0.1533	4.122336		49.576								12.7003	35.5036	0		12.7071		98.5243						0.43959					
51.0	20190101040600000	0.1398	4.121317		50.558								12.6898	35.502	0		12.6967		98.6885						0.38897					
52.0	20190101040900000	0.1362	4.120172		51.553								12.6773	35.502	0		12.6843		98.7103						0.37977					
53.0	20190101041100000	0.1285	4.120033		52.551								12.6671	35.5098	0		12.6743		98.7345						0.36012					
54.0	20190101041400000	0.1193	4.117591		53.545								12.6394	35.5121	0		12.6467		98.7798						0.33595					
55.0	20190101041600000	0.1632	4.114437		54.525								12.6072	35.5112	0		12.6147		98.7674						0.2898					
56.0	20190101041900000	0.1397	4.103786		55.512								12.501	35.5101	0		12.5085		98.8858						0.2946					
57.0	20190101042100000	0.1138	4.09262		56.511								12.394	35.5046	0		12.4016		98.9145						0.26768					
58.0	20190101042400000	0.0954	4.088162		57.505								12.3511	35.501	0		12.3588		99.0137						0.22972					
59.0	20190101042600000	0.0811	4.086126		58.489								12.3315	35.4975	0		12.3393		99.0983						0.20428					
60.0	20190101042900000	0.0809	4.08428		59.485								12.3138	35.4954	0		12.3218		99.0827						0.18972					
61.0	20190101043100000	0.0831	4.082459		60.473								12.2964	35.493	0		12.3045		99.1347						0.1797					
62.0	20190101043400000	0.0749	4.081623		61.467								12.278	35.5015	0		12.2862		99.1291						0.16872					
63.0	20190101043600000	0.0687	4.080573		62.458								12.2656	35.5019	0		12.2739		99.1048						0.14186					
64.0	20190101043900000	0.0695	4.069952		63.446								12.1689	35.4914	0		12.1773		99.2046						0.13					
65.0	20190101044100000	0.0687	4.055907		64.434								12.0448	35.4739	0		12.0533		99.2204						0.13554					
66.0	20190101044400000	0.0652	4.055358		65.43								12.035	35.4767	0		12.0437		99.191						0.12322					
67.0	20190101044600000	0.0619	4.055727		66.429								12.0366	35.4774	0		12.0454		99.2627						0.10878					
68.0	20190101044900000	0.06	4.055505		67.414								12.0333	35.4764	0		12.0422		99.3295						0.099303					
69.0	20190101045100000	0.0633	4.0526		68.404								12.007	35.4722	0		12.0161		99.3275						0.097781					
70.0	20190101045400000	0.0574	4.053333		69.403								12.0107	35.475	0		12.0198		99.3475						0.089923					
71.0	20190101045600000	0.0576	4.055629		70.387								12.028	35.4792	0		12.0373		99.3664						0.079275					
72.0	20190101045900000	0.0551	4.064143		71.375								12.0888	35.502	0		12.0982		99.3824						0.07685					
73.0	20190101050100000	0.0559	4.065963		72.369								12.1013	35.5072	0		12.1109		99.3715						0.071944					
74.0	20190101050400000	0.0515	4.066392		73.365								12.0999	35.5123	0		12.1096		99.3387						0.0609					
75.0	20190101050600000	0.0653	4.065794		74.346								12.089	35.517	0		12.0988		99.3961						0.050698					
76.0	20190101050900000	0.0568	4.062543		75.344								12.0559	35.517	0		12.0659		99.3751						0.050277					
77.0	20190101051100000	0.0495	4.061028		76.334								12.041	35.516	0		12.0511		99.3533						0.047404					
78.0	20190101051400000	0.0439	4.060054		77.326								12.0315	35.5149	0		12.0417		99.449						0.044751					
79.0	20190101051600000	0.0476	4.059682		78.316								12.0279	35.514	0		12.0382		99.417						0.03806					
80.0	20190101051900000	0.0473	4.05789		79.307								12.0113	35.5118	0		12.0218		99.427						0.036124					
81.0	20190101052100000	0.0463	4.057102		80.298								12.003	35.5115	0		12.0136		99.4436						0.032799					
82.0	20190101052400000	0.0484	4.055881		81.288								11.9904	35.5111	0		12.0011		99.4826						0.031254					
83.0	20190101052600000	0.0441	4.055217		82.284								11.9827	35.5113	0		11.9935		99.4759						0.027036					
84.0	20190101052900000	0.0541	4.055283		83.27								11.9825	35.5113	0		11.9934		99.446						0.022385					
85.0	20190101053100000	0.051	4.054344		84.261								11.9696	35.5139	0		11.9807		99.4998						0.022877					
86.0	20190101053400000	0.045	4.053707		85.252								11.9618	35.5146	0		11.973		99.4702						0.019395					
87.0	20190101053600000	0.0421	4.053665		86.25								11.9606	35.5148	0		11.9719		99.4915						0.014732					
88.0	20190101053900000	0.0428	4.053868		87.235								11.9623	35.5143	0		11.9738		99.4805						0.01048					
89.0	20190101054100000	0.0391	4.053518		88.226								11.9576	35.5148	0		11.9692		99.4758						0.010267					
90.0	20190101054400000	0.0395	4.053314		89.216								11.9544	35.5153	0		11.9661		99.4896						0.010272					
91.0	20190101054600000	0.0371	4.053233		90.215								11.9526	35.5156	0		11.9644		99.5014						0.006482					
92.0	20190101054900000	0.044	4.053217		91.198								11.9518	35.5155	0		11.9638		99.5267						0.003214					
93.0	20190101055100000	0.0532	4.052301		92.187								11.9424	35.5151	0		11.9545		99.5158						0.000684					
94.0	20190101055400000	0.049	4.051125		93.188								11.9311	35.5141	0		11.9433		99.532						0.000214					
95.0	20190101055600000	0.0393	4.050477		94.179								11.9245	35.5133	0		11.9369		99.5378						5.9e-05					
96.0	20190101055900000	0.0394	4.04907		95.161								11.9103	35.5126	0		11.9228		99.5448						-2e-06					
97.0	20190101060100000	0.038	4.048607		96.156								11.905	35.5126	0		11.9176		99.5496						0.0					
98.0	20190101060400000	0.0401	4.048141		97.149								11.8996	35.5127	0		11.9123		99.4928						0.0					
99.0	20190101060600000	0.0441	4.047334		98.138								11.8909	35.5124	0		11.9038		99.554						0.0					
100.0	20190101060900000	0.0392	4.046482		99.126								11.8818	35.5122	0		11.8948		99.5565						0.0					
101.0	20190101061100000	0.0355	4.045768		100.126								11.8737	35.5124	0		11.8868		99.568						0.0					
102.0	20190101061400000	0.0384	4.044786		101.111								11.8623	35.5132	0		11.8755		99.5063						0.0					
103.0	20190101061600000	0.0369	4.045848		102.102								11.869	35.5163	0		11.8823		99.5744						0.0					
104.0	20190101061900000	0.0417	4.047439		103.103								11.8781	35.5223	0		11.8916		99.5701						0.0					
105.0	20190101062100000	0.0402	4.048461		104.091								11.8836	35.5263	0		11.8972		99.5794						0.0					
106.0	20190101062400000	0.039	4.048963		105.076								11.8867	35.5276	0		11.9005		99.5773						0.0					
107.0	20190101062600000	0.0319	4.047012		106.068								11.8687	35.5256	0		11.8826		99.6034						0.0					
108.0	20190101062900000	0.0325	4.046718		107.057								11.8652	35.5254	0		11.8793		99.5986						0.0					
109.0	20190101063100000	0.0326	4.047208		108.046								11.868	35.5268	0		11.8822		99.5939						0.0					
110.0	20190101063400000	0.0339	4.047708		109.042								11.8706	35.5286	0		11.8849		99.6045						0.0					
111.0	20190101063600000	0.0336	4.047613		110.023								11.8693	35.5284	0		11.8837		99.6099						0.0					
112.0	20190101063900000	0.0344	4.047324		111.018								11.8642	35.5299	0		11.8788		99.5908						0.0					
113.0	20190101064100000	0.038	4.047788		112.012								11.8645	35.5336	0		11.8792		99.6055						0.0					
114.0	20190101064400000	0.0375	4.04796		113.009								11.8646	35.5346	0		11.8794		99.5822						0.0					
115.0	20190101064600000	0.032	4.047951		113.999								11.8639	35.5346	0		11.8788		99.5883						0.0					
116.0	20190101064900000	0.0316	4.048057		114.978								11.8642	35.5347	0		11.8793		99.6239						0.0					
117.0	20190101065100000	0.0339	4.048201		115.973								11.8624	35.5374	0		11.8776		99.6171						0.0					
118.0	20190101065400000	0.0326	4.048027		116.97								11.8601	35.5373	0		11.8755		99.6151						0.0					
119.0	20190101065600000	0.0342	4.047947		117.963								11.8585	35.5374	0		11.874		99.6239						0.0					
120.0	20190101065900000	0.032	4.047784		118.952								11.8564	35.5373	0		11.872		99.6142						0.0					
121.0	20190101070100000	0.0321	4.046912		119.927								11.8469	35.5375	0		11.8626		99.621						0.0					
122.0	20190101070400000	0.0345	4.046044		120.922								11.8378	35.5373	0		11.8536		99.6336						0.0					
123.0	20190101070600000	0.0312	4.045806		121.916								11.8348	35.5373	0		11.8508		99.619						0.0					
124.0	20190101070900000	0.0322	4.045362		122.916								11.8298	35.5372	0		11.8459		99.6137						0.0					
125.0	20190101071100000	0.033	4.045187		123.912								11.8273	35.5373	0		11.8436		99.5969						0.0					
126.0	20190101071400000	0.0313	4.044995		124.905								11.8251	35.537	0		11.8414		99.5867						0.0					
127.0	20190101071600000	0.0329	4.04484		125.89								11.8228	35.537	0		11.8392		99.6068						0.0					
128.0	20190101071900000	0.0296	4.045003		126.874								11.824	35.5367	0		11.8407		99.6152						0.0					
129.0	20190101072100000	0.0352	4.04342		127.866								11.8083	35.5359	0		11.8251		99.5893						0.0					
130.0	20190101072400000	0.039	4.04164		128.857								11.7914	35.5343	0		11.8083		99.5931						0.0					
131.0	20190101072600000	0.0387	4.040323		129.849								11.779	35.5329	0		11.796		99.5996						0.0					
132.0	20190101072900000	0.0312	4.039598		130.838								11.7718	35.5321	0		11.7889		99.6175						0.0					
133.0	20190101073100000	0.029	4.03745		131.833								11.7522	35.5296	0		11.7693		99.615						0.0					
134.0	20190101073400000	0.0279	4.035917		132.823								11.7373	35.5284	0		11.7546		99.615						0.0					
135.0	20190101073600000	0.0267	4.035669		133.818								11.7346	35.5278	0		11.752		99.618						0.0					
136.0	20190101073900000	0.0272	4.03563		134.806								11.7335	35.5275	0		11.7511		99.6172						0.0					
137.0	20190101074100000	0.026	4.034954		135.788								11.7271	35.5264	0		11.7448		99.6267						0.0					
138.0	20190101074400000	0.0268	4.031852		136.781								11.6978	35.524	0		11.7156		99.5676						0.0					
139.0	20190101074600000	0.028	4.029683		137.774								11.6771	35.5221	0		11.695		99.6344						0.0					
140.0	20190101074900000	0.0314	4.028476		138.772								11.6662	35.5202	0		11.6843		99.6416						0.0					
141.0	20190101075100000	0.0323	4.027371		139.769								11.6554	35.5191	0		11.6735		99.6393						0.0					
142.0	20190101075400000	0.0339	4.027509		140.752								11.6556	35.5192	0		11.6739		99.6143						0.0					
143.0	20190101075600000	0.0309	4.027595		141.728								11.6547	35.5199	0		11.673		99.6501						0.0					
144.0	20190101075900000	0.0242	4.029021		142.725								11.6633	35.5248	0		11.6819		99.6429						0.0					
145.0	20190101080100000	0.0267	4.028266		143.719								11.6558	35.5241	0		11.6744		99.643						0.0					
146.0	20190101080400000	0.0268	4.02711		144.717								11.6441	35.5235	0		11.6629		99.643						0.0					
147.0	20190101080600000	0.0309	4.025658		145.716								11.6302	35.5222	0		11.649		99.6421						0.0					
148.0	20190101080900000	0.033	4.025311		146.695								11.6263	35.5216	0		11.6453		99.6343						0.0					
149.0	20190101081100000	0.0329	4.024399		147.677								11.6176	35.5203	0		11.6368		99.6418						0.0					
150.0	20190101081400000	0.0312	4.022948		148.667								11.6029	35.5198	0		11.6222		99.6166						0.0					
151.0	20190101081600000	0.0481	4.022967		149.662								11.6001	35.522	0		11.6195		99.6309						0.0					
152.0	20190101081900000	0.0547	4.023521		150.661								11.6031	35.5239	0		11.6226		99.6249						0.0					
153.0	20190101082100000	0.0428	4.023031		151.655								11.5975	35.5238	0		11.6172		99.6174						0.0					
154.0	20190101082400000	0.0353	4.022135		152.651								11.5884	35.5233	0		11.6081		99.6286						0.0					
155.0	20190101082600000	0.0303	4.02272		153.629								11.5931	35.5235	0		11.613		99.6288						0.0					
156.0	20190101082900000	0.0255	4.021841		154.608								11.5832	35.524	0		11.6031		99.6455						0.0					
157.0	20190101083100000	0.0254	4.020252		155.606								11.5673	35.5232	0		11.5874		99.6457						0.0					
158.0	20190101083400000	0.0308	4.019725		156.605								11.5624	35.5221	0		11.5826		99.6641						0.0					
159.0	20190101083600000	0.0274	4.019147		157.596								11.5564	35.5217	0		11.5768		99.6459						0.0					
160.0	20190101083900000	0.0279	4.017568		158.591								11.5416	35.5199	0		11.5621		99.6222						0.0					
161.0	20190101084100000	0.029	4.017676		159.582								11.5393	35.5225	0		11.5599		99.645						0.0					
162.0	20190101084400000	0.0301	4.01811		160.566								11.5422	35.5231	0		11.5629		99.659						0.0					
163.0	20190101084600000	0.0297	4.017798		161.546								11.5382	35.5231	0		11.5591		99.6618						0.0					
164.0	20190101084900000	0.0298	4.017667		162.54								11.5361	35.5233	0		11.557		99.6679						0.0					
165.0	20190101085100000	0.0282	4.017092		163.531								11.5301	35.5228	0		11.5512		99.655						0.0					
166.0	20190101085400000	0.0274	4.017677		164.53								11.5331	35.5249	0		11.5543		99.6428						0.0					
167.0	20190101085600000	0.0289	4.018521		165.526								11.5388	35.5271	0		11.5601		99.643						0.0					
168.0	20190101085900000	0.0296	4.018812		166.519								11.5401	35.528	0		11.5616		99.6475						0.0					
169.0	20190101090100000	0.0336	4.020493		167.508								11.5528	35.5314	0		11.5745		99.6649						0.0					
170.0	20190101090400000	0.0308	4.02104		168.492								11.5571	35.5321	0		11.5788		99.6494						0.0					
171.0	20190101090600000	0.0282	4.020777		169.477								11.5529	35.5331	0		11.5748		99.6699						0.0					
172.0	20190101090900000	0.0369	4.019558		170.465								11.5409	35.5323	0		11.5629		99.6678						0.0					
173.0	20190101091100000	0.0295	4.019182		171.461								11.5366	35.5322	0		11.5587		99.6689						0.0					
174.0	20190101091400000	0.0286	4.018225		172.457								11.5274	35.5313	0		11.5496		99.6689						0.0					
175.0	20190101091600000	0.0326	4.016705		173.454								11.5127	35.5301	0		11.535		99.6204						0.0					
176.0	20190101091900000	0.0324	4.016546		174.434								11.5107	35.5297	0		11.5332		99.6497						0.0					
177.0	20190101092100000	0.031	4.016022		175.418								11.5053	35.5291	0		11.5279		99.6276						0.0					
178.0	20190101092400000	0.0287	4.015531		176.41								11.5002	35.5287	0		11.5229		99.6613						0.0					
179.0	20190101092600000	0.0262	4.015211		177.405								11.4966	35.5284	0		11.5195		99.6552						0.0					
180.0	20190101092900000	0.0281	4.014222		178.399								11.4866	35.5278	0		11.5096		99.6673						0.0					
181.0	20190101093100000	0.03	4.013381		179.398								11.4782	35.5273	0		11.5012		99.6626						0.0					
182.0	20190101093400000	0.0294	4.011972		180.39								11.4641	35.5264	0		11.4873		99.6605						0.0					
183.0	20190101093600000	0.0286	4.01366		181.366								11.4796	35.5268	0		11.503		99.6783						0.0					
184.0	20190101093900000	0.0276	4.01127		182.352								11.4566	35.5254	0		11.48		99.6878						0.0					
185.0	20190101094100000	0.0288	4.009513		183.344								11.4397	35.5239	0		11.4632		99.6601						0.0					
186.0	20190101094400000	0.0246	4.008522		184.342								11.4299	35.523	0		11.4536		99.6473						0.0					
187.0	20190101094600000	0.0234	4.008318		185.335								11.4276	35.5226	0		11.4514		99.6691						0.0					
188.0	20190101094900000	0.0214	4.007859		186.332								11.4229	35.522	0		11.4468		99.6676						0.0					
189.0	20190101095100000	0.0239	4.00741		187.322								11.4184	35.5212	0		11.4424		99.662						0.0					
190.0	20190101095400000	0.029	4.008331		188.305								11.4264	35.5215	0		11.4505		99.6591						0.0					
191.0	20190101095600000	0.0275	4.006887		189.283								11.4124	35.5203	0		11.4367		99.661						0.0					
192.0	20190101095900000	0.027	4.006011		190.277								11.4036	35.5197	0		11.428		99.6426						0.0					
193.0	20190101100100000	0.0272	4.005516		191.271								11.3985	35.5191	0		11.423		99.6465						0.0					
194.0	20190101100400000	0.0278	4.004735		192.27								11.3908	35.5183	0		11.4154		99.643						0.0					
195.0	20190101100600000	0.0278	4.004166		193.269								11.3848	35.5179	0		11.4096		99.6614						0.0					
196.0	20190101100900000	0.0296	4.003835		194.258								11.3813	35.5173	0		11.4062		99.6853						0.0					
197.0	20190101101100000	0.0292	4.003501		195.24								11.3775	35.517	0		11.4025		99.673						0.0					
198.0	20190101101400000	0.0218	4.002929		196.23								11.3717	35.5162	0		11.3969		99.6655						0.0					
199.0	20190101101600000	0.0281	4.001788		197.219								11.361	35.5148	0		11.3862		99.6696						0.0					
200.0	20190101101900000	0.0258	4.001701		198.209								11.3596	35.5145	0		11.385		99.6492						0.0					
201.0	20190101102100000	0.0272	4.001339		199.197								11.3558	35.514	0		11.3813		99.6007						0.0					
202.0	20190101102400000	0.0271	4.00053		200.186								11.3482	35.5127	0		11.3739		99.6277						0.0					
203.0	20190101102600000	0.0287	3.999129		201.179								11.3354	35.5109	0		11.3611		99.6462						0.0					
204.0	20190101102900000	0.0269	3.99902		202.179								11.3334	35.5111	0		11.3593		99.6612						0.0					
205.0	20190101103100000	0.0263	3.999053		203.173								11.3327	35.5114	0		11.3586		99.6811						0.0					
206.0	20190101103400000	0.027	3.999879		204.153								11.3399	35.5117	0		11.366		99.6816						0.0					
207.0	20190101103600000	0.0343	3.999518		205.135								11.3351	35.512	0		11.3614		99.6953						0.0					
208.0	20190101103900000	0.0333	3.999218		206.125								11.3317	35.5119	0		11.358		99.6802						0.0					
209.0	20190101104100000	0.0343	3.99902		207.118								11.3295	35.5115	0		11.3559		99.6386						0.0					
210.0	20190101104400000	0.0331	3.998903		208.114								11.3279	35.5112	0		11.3545		99.5635						0.0					
211.0	20190101104600000	0.0306	3.998632		209.111								11.3253	35.5106	0		11.352		99.6472						0.0					
212.0	20190101104900000	0.0271	3.998331		210.112								11.3219	35.5102	0		11.3488		99.6652						0.0					
213.0	20190101105100000	0.0273	3.997634		211.103								11.3149	35.5095	0		11.3419		99.6706						0.0					
214.0	20190101105400000	0.0255	3.997345		212.062								11.3116	35.5092	0		11.3387		99.681						0.0					
215.0	20190101105600000	0.028	3.996465		213.06								11.3038	35.5077	0		11.331		99.6689						0.0					
216.0	20190101105900000	0.0283	3.994897		214.058								11.2891	35.506	0		11.3164		99.643						0.0					
217.0	20190101110100000	0.0269	3.993738		215.056								11.278	35.5047	0		11.3054		99.6559						0.0					
218.0	20190101110400000	0.0254	3.993286		216.052								11.2736	35.504	0		11.3011		99.6687						0.0					
219.0	20190101110600000	0.0284	3.993116		217.041								11.2715	35.5036	0		11.2992		99.668						0.0					
220.0	20190101110900000	0.031	3.992987		218.025								11.2697	35.5033	0		11.2975		99.6703						0.0					
221.0	20190101111100000	0.027	3.993518		219.008								11.2737	35.5038	0		11.3016		99.6856						0.0					
222.0	20190101111400000	0.033	3.992969		219.998								11.2666	35.5047	0		11.2946		99.6404						0.0					
223.0	20190101111600000	0.0349	3.993375		220.988								11.2687	35.506	0		11.2969		99.6702						0.0					
224.0	20190101111900000	0.0454	3.993588		221.98								11.2696	35.5066	0		11.2979		99.7002						0.0					
225.0	20190101112100000	0.042	3.993472		222.974								11.2677	35.5066	0		11.2961		99.7179						0.0					
226.0	20190101112400000	0.0298	3.993284		223.97								11.2645	35.5073	0		11.2931		99.6948						0.0					
227.0	20190101112600000	0.0316	3.993068		224.96								11.2618	35.5072	0		11.2905		99.71						0.0					
228.0	20190101112900000	0.0323	3.992897		225.949								11.2597	35.5069	0		11.2885		99.6948						0.0					
229.0	20190101113100000	0.0267	3.99279		226.934								11.2582	35.5067	0		11.2871		99.7076						0.0					
230.0	20190101113400000	0.028	3.9923		227.917								11.253	35.5063	0		11.282		99.6968						0.0					
231.0	20190101113600000	0.0307	3.992108		228.909								11.2509	35.5059	0		11.2801		99.7009						0.0					
232.0	20190101113900000	0.028	3.991798		229.902								11.2475	35.5055	0		11.2768		99.6995						0.0					
233.0	20190101114100000	0.0261	3.991372		230.899								11.243	35.5052	0		11.2724		99.689						0.0					
234.0	20190101114400000	0.0268	3.991213		231.899								11.2408	35.5051	0		11.2703		99.6992						0.0					
235.0	20190101114600000	0.0274	3.991324		232.884								11.2412	35.5052	0		11.2709		99.7022						0.0					
236.0	20190101114900000	0.0251	3.991436		233.867								11.2416	35.5052	0		11.2714		99.6964						0.0					
237.0	20190101115100000	0.029	3.991234		234.857								11.239	35.5052	0		11.2689		99.7056						0.0					
238.0	20190101115400000	0.0329	3.991285		235.846								11.2386	35.5054	0		11.2686		99.7039						0.0					
239.0	20190101115600000	0.0334	3.993753		236.837								11.2569	35.5113	0		11.2871		99.6789						0.0					
240.0	20190101115900000	0.0356	3.994362		237.829								11.2613	35.5123	0		11.2917		99.7136						0.0					
241.0	20190101120100000	0.0303	3.994368		238.823								11.2606	35.5126	0		11.291		99.7003						0.0					
242.0	20190101120400000	0.0275	3.994346		239.816								11.2594	35.513	0		11.29		99.6949						0.0					
243.0	20190101120600000	0.0295	3.994326		240.799								11.2588	35.5129	0		11.2895		99.7059						0.0					
244.0	20190101120900000	0.0267	3.994849		241.791								11.2619	35.5145	0		11.2927		99.7005						0.0					
245.0	20190101121100000	0.024	3.996313		242.781								11.2725	35.5179	0		11.3035		99.6828						0.0					
246.0	20190101121400000	0.0277	3.996566		243.775								11.2737	35.5188	0		11.3048		99.6884						0.0					
247.0	20190101121600000	0.0251	3.997066		244.761								11.2766	35.5204	0		11.3078		99.6883						0.0					
248.0	20190101121900000	0.0258	3.997173		245.751								11.2764	35.5211	0		11.3078		99.693						0.0					
249.0	20190101122100000	0.0282	3.996838		246.74								11.2727	35.521	0		11.3042		99.6893						0.0					
250.0	20190101122400000	0.0305	3.996528		247.733								11.2689	35.5211	0		11.3005		99.6935						0.0					
251.0	20190101122600000	0.0285	3.996529		248.725								11.2675	35.5219	0		11.2993		99.6797						0.0					
252.0	20190101122900000	0.0269	3.997044		249.718								11.2707	35.5233	0		11.3026		99.6839						0.0					
253.0	20190101123100000	0.0291	3.997916		250.711								11.2767	35.5254	0		11.3088		99.6934						0.0					
254.0	20190101123400000	0.0313	3.998653		251.693								11.2822	35.5269	0		11.3143		99.7043						0.0					
255.0	20190101123600000	0.0263	3.999272		252.678								11.2858	35.5289	0		11.3181		99.7001						0.0					
256.0	20190101123900000	0.0245	3.999294		253.675								11.2852	35.5292	0		11.3176		99.6946						0.0					
257.0	20190101124100000	0.0233	3.999251		254.666								11.2844	35.529	0		11.317		99.6724						0.0					
258.0	20190101124400000	0.0222	3.998829		255.655								11.2803	35.5284	0		11.3129		99.6922						0.0					
259.0	20190101124600000	0.0233	3.998188		256.648								11.2746	35.5271	0		11.3074		99.7						0.0					
260.0	20190101124900000	0.0239	3.996784		257.637								11.2621	35.525	0		11.295		99.6991						0.0					
261.0	20190101125100000	0.0239	3.995385		258.633								11.2494	35.523	0		11.2824		99.6876						0.0					
262.0	20190101125400000	0.0275	3.994936		259.619								11.2449	35.5223	0		11.278		99.6702						0.0					
263.0	20190101125600000	0.0251	3.993653		260.598								11.2336	35.52	0		11.2668		99.7097						0.0					
264.0	20190101125900000	0.0256	3.99127		261.593								11.2117	35.5173	0		11.245		99.7183						0.0					
265.0	20190101130100000	0.0248	3.991199		262.589								11.2107	35.5169	0		11.2441		99.7205						0.0					
266.0	20190101130400000	0.0275	3.991025		263.583								11.2087	35.5164	0		11.2423		99.7195						0.0					
267.0	20190101130600000	0.0286	3.990927		264.57								11.2074	35.516	0		11.2411		99.7196						0.0					
268.0	20190101130900000	0.0276	3.990929		265.56								11.2065	35.5162	0		11.2403		99.703						0.0					
269.0	20190101131100000	0.0291	3.991708		266.55								11.2121	35.5177	0		11.2461		99.709						0.0					
270.0	20190101131400000	0.0275	3.993528		267.539								11.2256	35.5218	0		11.2597		99.7141						0.0					
271.0	20190101131600000	0.027	3.994163		268.529								11.2298	35.5234	0		11.264		99.7007						0.0					
272.0	20190101131900000	0.0223	3.993997		269.521								11.2274	35.5235	0		11.2617		99.6964						0.0					
273.0	20190101132100000	0.0268	3.993309		270.511								11.2209	35.5225	0		11.2554		99.6961						0.0					
274.0	20190101132400000	0.0348	3.992707		271.495								11.2151	35.5217	0		11.2497		99.7076						0.0					
275.0	20190101132600000	0.0306	3.992257		272.488								11.2099	35.5217	0		11.2446		99.6946						0.0					
276.0	20190101132900000	0.0282	3.992008		273.482								11.2064	35.5221	0		11.2412		99.7089						0.0					
277.0	20190101133100000	0.0266	3.992483		274.474								11.2089	35.5238	0		11.2439		99.7154						0.0					
278.0	20190101133400000	0.0256	3.992081		275.464								11.2041	35.5238	0		11.2392		99.6952						0.0					
279.0	20190101133600000	0.0289	3.992083		276.453								11.2038	35.5236	0		11.239		99.6803						0.0					
280.0	20190101133900000	0.0255	3.991134		277.441								11.1946	35.5226	0		11.2299		99.7067						0.0					
281.0	20190101134100000	0.0276	3.990165		278.428								11.1849	35.5219	0		11.2203		99.7193						0.0					
282.0	20190101134400000	0.026	3.98994		279.417								11.1817	35.5222	0		11.2172		99.6822						0.0					
283.0	20190101134600000	0.0257	3.989966		280.411								11.1813	35.5222	0		11.2169		99.67						0.0					
284.0	20190101134900000	0.0281	3.989979		281.407								11.1808	35.5222	0		11.2166		99.6975						0.0					
285.0	20190101135100000	0.0256	3.989883		282.397								11.1794	35.5219	0		11.2153		99.718						0.0					
286.0	20190101135400000	0.0234	3.989955		283.38								11.1797	35.5217	0		11.2158		99.7282						0.0					
287.0	20190101135600000	0.0203	3.989873		284.368								11.1781	35.5218	0		11.2143		99.7212						0.0					
288.0	20190101135900000	0.023	3.990018		285.363								11.1786	35.5221	0		11.2149		99.7196						0.0					
289.0	20190101140100000	0.0237	3.990155		286.351								11.1788	35.5226	0		11.2153		99.7381						0.0					
290.0	20190101140400000	0.023	3.990164		287.341								11.1784	35.5226	0		11.215		99.7464						0.0					
291.0	20190101140600000	0.0224	3.990298		288.333								11.1789	35.5228	0		11.2156		99.7464						0.0					
292.0	20190101140900000	0.0252	3.990202		289.326								11.1773	35.5229	0		11.2141		99.6754						0.0					
293.0	20190101141100000	0.023	3.991042		290.321								11.1823	35.5256	0		11.2193		99.736						0.0					
294.0	20190101141400000	0.0241	3.991508		291.305								11.1856	35.5265	0		11.2227		99.7153						0.0					
295.0	20190101141600000	0.0231	3.990983		292.29								11.1803	35.5259	0		11.2175		99.656						0.0					
296.0	20190101141900000	0.025	3.990132		293.276								11.1721	35.525	0		11.2094		99.7413						0.0					
297.0	20190101142100000	0.0238	3.989479		294.27								11.1657	35.5242	0		11.2032		99.7247						0.0					
298.0	20190101142400000	0.0245	3.98936		295.268								11.1643	35.5239	0		11.2018		99.7479						0.0					
299.0	20190101142600000	0.0241	3.989241		296.263								11.1627	35.5236	0		11.2004		99.7444						0.0					
300.0	20190101142900000	0.0271	3.989285		297.249								11.1626	35.5235	0		11.2004		99.7428						0.0					
301.0	20190101143100000	0.0321	3.989264		298.231								11.1618	35.5234	0		11.1998		99.743						0.0					
302.0	20190101143400000	0.0321	3.986145		299.218								11.1341	35.5193	0		11.1721		99.7436						0.0					
303.0	20190101143600000	0.0268	3.985168		300.207								11.1248	35.5181	0		11.1629		99.7465						0.0					
304.0	20190101143900000	0.0214	3.985177		301.204								11.1241	35.5181	0		11.1624		99.7478						0.0					
305.0	20190101144100000	0.0194	3.98522		302.201								11.1236	35.5184	0		11.162		99.759						0.0					
306.0	20190101144400000	0.0184	3.985088		303.195								11.1214	35.5186	0		11.1599		99.748						0.0					
307.0	20190101144600000	0.0197	3.985134		304.177								11.1211	35.5186	0		11.1597		99.7625						0.0					
308.0	20190101144900000	0.0221	3.985161		305.158								11.1207	35.5186	0		11.1594		99.7629						0.0					
309.0	20190101145100000	0.0237	3.985085		306.144								11.1192	35.5186	0		11.158		99.7317						0.0					
310.0	20190101145400000	0.0248	3.985079		307.144								11.1185	35.5187	0		11.1575		99.7665						0.0					
311.0	20190101145600000	0.0257	3.985091		308.137								11.1176	35.519	0		11.1567		99.749						0.0					
312.0	20190101145900000	0.028	3.985016		309.135								11.1161	35.5192	0		11.1553		99.7511						0.0					
313.0	20190101150100000	0.0261	3.984972		310.121								11.115	35.5192	0		11.1544		99.7505						0.0					
314.0	20190101150400000	0.0236	3.985109		311.107								11.1157	35.5192	0		11.1552		99.7575						0.0					
315.0	20190101150600000	0.0243	3.985374		312.093								11.1171	35.5199	0		11.1567		99.7739						0.0					
316.0	20190101150900000	0.0224	3.985973		313.079								11.1211	35.5212	0		11.1609		99.7713						0.0					
317.0	20190101151100000	0.026	3.985712		314.067								11.1184	35.5208	0		11.1583		99.7583						0.0					
318.0	20190101151400000	0.0265	3.985356		315.064								11.1148	35.5202	0		11.1548		99.7272						0.0					
319.0	20190101151600000	0.0266	3.985387		316.06								11.1145	35.5202	0		11.1547		99.748						0.0					
320.0	20190101151900000	0.0294	3.985473		317.055								11.1147	35.5203	0		11.1549		99.7648						0.0					
321.0	20190101152100000	0.0254	3.98557		318.038								11.115	35.5203	0		11.1554		99.7731						0.0					
322.0	20190101152400000	0.0243	3.98567		319.018								11.115	35.5207	0		11.1555		99.779						0.0					
323.0	20190101152600000	0.0206	3.985946		320.012								11.1165	35.5214	0		11.1571		99.7831						0.0					
324.0	20190101152900000	0.0203	3.986279		321.009								11.1179	35.5228	0		11.1587		99.7553						0.0					
325.0	20190101153100000	0.023	3.986438		321.999								11.1184	35.5233	0		11.1593		99.7631						0.0					
326.0	20190101153400000	0.0227	3.986519		322.986								11.1186	35.5234	0		11.1596		99.7632						0.0					
327.0	20190101153600000	0.0235	3.986578		323.968								11.118	35.5239	0		11.1592		99.7597						0.0					
328.0	20190101153900000	0.0273	3.986723		324.968								11.1184	35.5244	0		11.1597		99.7659						0.0					
329.0	20190101154100000	0.028	3.986903		325.955								11.1191	35.5249	0		11.1605		99.7661						0.0					
330.0	20190101154400000	0.026	3.987364		326.944								11.1221	35.526	0		11.1636		99.7713						0.0					
331.0	20190101154600000	0.0262	3.987535		327.938								11.1228	35.5264	0		11.1645		99.7632						0.0					
332.0	20190101154900000	0.0249	3.987497		328.927								11.1221	35.5262	0		11.1639		99.7714						0.0					
333.0	20190101155100000	0.0246	3.987231		329.916								11.1193	35.5258	0		11.1612		99.7723						0.0					
334.0	20190101155400000	0.0203	3.987081		330.905								11.1172	35.5258	0		11.1593		99.7572						0.0					
335.0	20190101155600000	0.0242	3.986911		331.893								11.1151	35.5255	0		11.1573		99.7711						0.0					
336.0	20190101155900000	0.0259	3.986756		332.88								11.1134	35.5252	0		11.1557		99.7866						0.0					
337.0	20190101160100000	0.0318	3.986592		333.871								11.1113	35.525	0		11.1538		99.7956						0.0					
338.0	20190101160400000	0.0331	3.9868		334.866								11.1125	35.5253	0		11.155		99.783						0.0					
339.0	20190101160600000	0.0328	3.986375		335.863								11.1079	35.525	0		11.1506		99.7648						0.0					
340.0	20190101160900000	0.026	3.985945		336.848								11.1035	35.5245	0		11.1463		99.7722						0.0					
341.0	20190101161100000	0.0234	3.985953		337.831								11.1029	35.5246	0		11.1458		99.7507						0.0					
342.0	20190101161400000	0.0251	3.985346		338.818								11.0964	35.5244	0		11.1394		99.7544						0.0					
343.0	20190101161600000	0.0244	3.985197		339.81								11.0942	35.5244	0		11.1374		99.775						0.0					
344.0	20190101161900000	0.0243	3.985306		340.804								11.0944	35.5247	0		11.1377		99.7696						0.0					
345.0	20190101162100000	0.0241	3.985441		341.797								11.0949	35.5249	0		11.1384		99.777						0.0					
346.0	20190101162400000	0.0226	3.985566		342.79								11.0953	35.5252	0		11.1388		99.7818						0.0					
347.0	20190101162600000	0.0225	3.985717		343.778								11.0957	35.5257	0		11.1394		99.7792						0.0					
348.0	20190101162900000	0.0219	3.986084		344.764								11.0982	35.5262	0		11.1421		99.7734						0.0					
349.0	20190101163100000	0.0208	3.986334		345.751								11.0998	35.5266	0		11.1437		99.782						0.0					
350.0	20190101163400000	0.0184	3.987088		346.741								11.1047	35.5286	0		11.1488		99.7965						0.0					
351.0	20190101163600000	0.0219	3.98732		347.731								11.1057	35.5294	0		11.15		99.7746						0.0					
352.0	20190101163900000	0.0211	3.987371		348.72								11.1057	35.5294	0		11.15		99.7799						0.0					
353.0	20190101164100000	0.0251	3.987192		349.709								11.1037	35.529	0		11.1482		99.7883						0.0					
354.0	20190101164400000	0.0256	3.986259		350.702								11.0952	35.5276	0		11.1398		99.7699						0.0					
355.0	20190101164600000	0.0292	3.986086		351.701								11.0931	35.5273	0		11.1378		99.7653						0.0					
356.0	20190101164900000	0.0303	3.986092		352.688								11.0925	35.5274	0		11.1374		99.7717						0.0					
357.0	20190101165100000	0.0278	3.986149		353.664								11.0926	35.5273	0		11.1375		99.7736						0.0					
358.0	20190101165400000	0.0259	3.985918		354.657								11.09	35.527	0		11.1351		99.7939						0.0					
359.0	20190101165600000	0.0242	3.985865		355.65								11.0888	35.527	0		11.134		99.7751						0.0					
360.0	20190101165900000	0.0266	3.985517		356.642								11.0852	35.5265	0		11.1305		99.771						0.0					
361.0	20190101170100000	0.0235	3.984896		357.635								11.0795	35.5254	0		11.1249		99.7599						0.0					
362.0	20190101170400000	0.0244	3.983833		358.629								11.0695	35.5241	0		11.115		99.7901						0.0					
363.0	20190101170600000	0.0229	3.983818		359.612								11.0688	35.5239	0		11.1145		99.7952						0.0					
364.0	20190101170900000	0.021	3.983345		360.598								11.0642	35.5232	0		11.1099		99.7574						0.0					
365.0	20190101171100000	0.0207	3.982712		361.589								11.0581	35.5222	0		11.104		99.7918						0.0					
366.0	20190101171400000	0.0224	3.98257		362.578								11.056	35.5222	0		11.102		99.7933						0.0					
367.0	20190101171600000	0.0237	3.982544		363.569								11.0551	35.5222	0		11.1013		99.795						0.0					
368.0	20190101171900000	0.0233	3.982748		364.561								11.0555	35.5232	0		11.1018		99.7723						0.0					
369.0	20190101172100000	0.0228	3.982696		365.546								11.0542	35.5234	0		11.1006		99.7703						0.0					
370.0	20190101172400000	0.0219	3.982397		366.545								11.0509	35.5231	0		11.0974		99.7897						0.0					
371.0	20190101172600000	0.0211	3.982203		367.529								11.0485	35.5228	0		11.0951		99.7848						0.0					
372.0	20190101172900000	0.0248	3.981714		368.516								11.0434	35.5224	0		11.0901		99.7898						0.0					
373.0	20190101173100000	0.0238	3.981755		369.507								11.0429	35.5227	0		11.0897		99.7726						0.0					
374.0	20190101173400000	0.0257	3.981705		370.504								11.0419	35.5225	0		11.0889		99.7723						0.0					
375.0	20190101173600000	0.0308	3.981757		371.49								11.0419	35.5224	0		11.089		99.7744						0.0					
376.0	20190101173900000	0.0301	3.981996		372.471								11.0432	35.5228	0		11.0905		99.7976						0.0					
377.0	20190101174100000	0.0289	3.982415		373.465								11.0459	35.5238	0		11.0933		99.7799						0.0					
378.0	20190101174400000	0.0255	3.982533		374.457								11.0461	35.5241	0		11.0937		99.7932						0.0					
379.0	20190101174600000	0.0243	3.982581		375.451								11.0459	35.5242	0		11.0936		99.7746						0.0					
380.0	20190101174900000	0.0261	3.982544		376.439								11.0449	35.5243	0		11.0927		99.7898						0.0					
381.0	20190101175100000	0.0281	3.982449		377.428								11.0434	35.5243	0		11.0913		99.7742						0.0					
382.0	20190101175400000	0.0262	3.982455		378.418								11.0424	35.5247	0		11.0905		99.7687						0.0					
383.0	20190101175600000	0.0217	3.98279		379.407								11.0447	35.5252	0		11.0928		99.7728						0.0					
384.0	20190101175900000	0.031	3.982316		380.393								11.04	35.5246	0		11.0883		99.7715						0.0					
385.0	20190101180100000	0.0304	3.980979		381.376								11.0278	35.5227	0		11.0762		99.7723						0.0					
386.0	20190101180400000	0.0262	3.980854		382.369								11.0263	35.5224	0		11.0748		99.7737						0.0					
387.0	20190101180600000	0.0233	3.98062		383.364								11.0236	35.522	0		11.0723		99.7755						0.0					
388.0	20190101180900000	0.0208	3.980439		384.355								11.0217	35.5216	0		11.0704		99.7739						0.0					
389.0	20190101181100000	0.0194	3.98015		385.357								11.0184	35.5213	0		11.0673		99.7831						0.0					
390.0	20190101181400000	0.0219	3.98054		386.339								11.0212	35.5218	0		11.0702		99.7863						0.0					
391.0	20190101181600000	0.0247	3.980908		387.311								11.0243	35.5218	0		11.0734		99.7797						0.0					
392.0	20190101181900000	0.0239	3.980707		388.309								11.0211	35.5223	0		11.0703		99.7908						0.0					
393.0	20190101182100000	0.0224	3.98065		389.306								11.0199	35.5224	0		11.0692		99.7761						0.0					
394.0	20190101182400000	0.0252	3.980223		390.3								11.0156	35.5217	0		11.0651		99.7778						0.0					
395.0	20190101182600000	0.0252	3.979769		391.28								11.011	35.5211	0		11.0606		99.783						0.0					
396.0	20190101182900000	0.0269	3.979439		392.267								11.0078	35.5204	0		11.0576		99.7772						0.0					
397.0	20190101183100000	0.0285	3.978695		393.26								11.0007	35.5195	0		11.0505		99.7908						0.0					
398.0	20190101183400000	0.0257	3.978384		394.254								10.9976	35.5188	0		11.0475		99.7946						0.0					
399.0	20190101183600000	0.0217	3.97762		395.248								10.9906	35.5174	0		11.0407		99.7943						0.0					
400.0	20190101183900000	0.0196	3.976855		396.228								10.9835	35.5161	0		11.0336		99.7917						0.0					
401.0	20190101184100000	0.0194	3.975158		397.21								10.9683	35.5136	0		11.0185		99.7984						0.0					
402.0	20190101184400000	0.022	3.974788		398.199								10.9645	35.513	0		11.0148		99.7967						0.0					
403.0	20190101184600000	0.0181	3.974204		399.2								10.959	35.512	0		11.0094		99.7901						0.0					
404.0	20190101184900000	0.0177	3.973394		400.199								10.9514	35.5108	0		11.0019		99.7724						0.0					
405.0	20190101185100000	0.017	3.97282		401.188								10.9458	35.5098	0		10.9965		99.8002						0.0					
406.0	20190101185400000	0.0188	3.972565		402.163								10.9432	35.5091	0		10.994		99.799						0.0					
407.0	20190101185600000	0.0197	3.972099		403.155								10.9385	35.5083	0		10.9895		99.8074						0.0					
408.0	20190101185900000	0.021	3.970964		404.147								10.9276	35.5072	0		10.9786		99.824						0.0					
409.0	20190101190100000	0.0209	3.970719		405.136								10.9241	35.5076	0		10.9752		99.8175						0.0					
410.0	20190101190400000	0.0228	3.970291		406.126								10.919	35.5076	0		10.9703		99.818						0.0					
411.0	20190101190600000	0.0218	3.970134		407.118								10.9171	35.5072	0		10.9685		99.8319						0.0					
412.0	20190101190900000	0.0213	3.97017		408.107								10.9169	35.507	0		10.9684		99.8141						0.0					
413.0	20190101191100000	0.0205	3.970114		409.097								10.9159	35.5068	0		10.9675		99.835						0.0					
414.0	20190101191400000	0.021	3.96997		410.078								10.914	35.5065	0		10.9658		99.8233						0.0					
415.0	20190101191600000	0.0206	3.96917		411.066								10.9058	35.506	0		10.9577		99.824						0.0					
416.0	20190101191900000	0.0206	3.969228		412.056								10.9058	35.506	0		10.9578		99.8209						0.0					
417.0	20190101192100000	0.0231	3.969338		413.056								10.9063	35.5059	0		10.9584		99.8225						0.0					
418.0	20190101192400000	0.0224	3.969228		414.053								10.9047	35.5058	0		10.9569		99.824						0.0					
419.0	20190101192600000	0.0244	3.969187		415.044								10.9039	35.5056	0		10.9563		99.8226						0.0					
420.0	20190101192900000	0.0243	3.969619		416.015								10.9074	35.5057	0		10.9599		99.8331						0.0					
421.0	20190101193100000	0.0216	3.969149		417.003								10.9027	35.5051	0		10.9553		99.8042						0.0					
422.0	20190101193400000	0.0213	3.968149		417.996								10.8928	35.5043	0		10.9455		99.7908						0.0					
423.0	20190101193600000	0.0219	3.968199		418.991								10.8927	35.5043	0		10.9455		99.8197						0.0					
424.0	20190101193900000	0.0269	3.96804		419.985								10.8909	35.5039	0		10.9438		99.801						0.0					
425.0	20190101194100000	0.0311	3.967809		420.981								10.8883	35.5036	0		10.9413		99.8276						0.0					
426.0	20190101194400000	0.0264	3.967765		421.96								10.8873	35.5034	0		10.9405		99.8313						0.0					
427.0	20190101194600000	0.0196	3.967885		422.945								10.8881	35.5032	0		10.9414		99.8246						0.0					
428.0	20190101194900000	0.0224	3.967459		423.939								10.8835	35.5028	0		10.937		99.8233						0.0					
429.0	20190101195100000	0.0261	3.967289		424.922								10.8815	35.5025	0		10.9351		99.824						0.0					
430.0	20190101195400000	0.0234	3.967003		425.911								10.8779	35.5026	0		10.9316		99.8137						0.0					
431.0	20190101195600000	0.0216	3.967068		426.906								10.8779	35.5026	0		10.9318		99.802						0.0					
432.0	20190101195900000	0.0195	3.967452		427.9								10.88	35.5037	0		10.9339		99.7982						0.0					
433.0	20190101200100000	0.0213	3.969516		428.889								10.8961	35.5078	0		10.9502		99.7918						0.0					
434.0	20190101200400000	0.0208	3.969453		429.872								10.8947	35.508	0		10.949		99.8029						0.0					
435.0	20190101200600000	0.0179	3.969821		430.864								10.8968	35.5091	0		10.9511		99.8233						0.0					
436.0	20190101200900000	0.0192	3.970225		431.858								10.8994	35.51	0		10.9539		99.8186						0.0					
437.0	20190101201100000	0.0244	3.970266		432.846								10.8995	35.5098	0		10.9541		99.8064						0.0					
438.0	20190101201400000	0.0279	3.970241		433.823								10.8985	35.51	0		10.9533		99.8108						0.0					
439.0	20190101201600000	0.0271	3.968817		434.81								10.8857	35.5079	0		10.9406		99.798						0.0					
440.0	20190101201900000	0.0298	3.968424		435.807								10.882	35.507	0		10.937		99.8206						0.0					
441.0	20190101202100000	0.0292	3.968065		436.802								10.8782	35.5067	0		10.9333		99.8051						0.0					
442.0	20190101202400000	0.0273	3.968701		437.796								10.8828	35.5079	0		10.938		99.8046						0.0					
443.0	20190101202600000	0.0304	3.968866		438.789								10.8834	35.5083	0		10.9388		99.8134						0.0					
444.0	20190101202900000	0.0275	3.968746		439.778								10.8815	35.5084	0		10.937		99.8071						0.0					
445.0	20190101203100000	0.0253	3.968896		440.755								10.883	35.5077	0		10.9387		99.8161						0.0					
446.0	20190101203400000	0.0267	3.968801		441.739								10.8813	35.5079	0		10.9371		99.8226						0.0					
447.0	20190101203600000	0.0316	3.968439		442.73								10.8769	35.5081	0		10.9327		99.8178						0.0					
448.0	20190101203900000	0.033	3.968295		443.726								10.8751	35.5078	0		10.9311		99.7982						0.0					
449.0	20190101204100000	0.0295	3.967925		444.716								10.8712	35.5074	0		10.9273		99.7981						0.0					
450.0	20190101204400000	0.0263	3.967587		445.712								10.8676	35.507	0		10.9238		99.7981						0.0					
451.0	20190101204600000	0.0242	3.967446		446.703								10.8658	35.5068	0		10.9221		99.7962						0.0					
452.0	20190101204900000	0.0227	3.967558		447.686								10.8664	35.5067	0		10.9229		99.802						0.0					
453.0	20190101205100000	0.0201	3.967456		448.671								10.865	35.5065	0		10.9216		99.8199						0.0					
454.0	20190101205400000	0.022	3.966957		449.661								10.8599	35.5059	0		10.9166		99.8114						0.0					
455.0	20190101205600000	0.0209	3.96711		450.654								10.8599	35.5068	0		10.9167		99.8188						0.0					
456.0	20190101205900000	0.0235	3.967419		451.637								10.8616	35.5076	0		10.9185		99.8212						0.0					
457.0	20190101210100000	0.0235	3.967515		452.627								10.8618	35.5077	0		10.9189		99.8172						0.0					
458.0	20190101210400000	0.022	3.967413		453.619								10.8603	35.5076	0		10.9175		99.8046						0.0					
459.0	20190101210600000	0.0231	3.967255		454.608								10.8583	35.5074	0		10.9156		99.7995						0.0					
460.0	20190101210900000	0.0239	3.967113		455.606								10.8561	35.5076	0		10.9136		99.8099						0.0					
461.0	20190101211100000	0.0222	3.967126		456.597								10.8554	35.5079	0		10.9129		99.7363						0.0					
462.0	20190101211400000	0.0212	3.967472		457.572								10.8582	35.5079	0		10.9159		99.8068						0.0					
463.0	20190101211600000	0.023	3.968043		458.557								10.8616	35.5096	0		10.9194		99.78						0.0					
464.0	20190101211900000	0.0269	3.967863		459.547								10.8595	35.5094	0		10.9175		99.7882						0.0					
465.0	20190101212100000	0.0283	3.966472		460.545								10.8468	35.5075	0		10.9049		99.798						0.0					
466.0	20190101212400000	0.0315	3.965411		461.539								10.8369	35.5061	0		10.8951		99.7981						0.0					
467.0	20190101212600000	0.0284	3.964915		462.537								10.8321	35.5054	0		10.8903		99.7605						0.0					
468.0	20190101212900000	0.025	3.964814		463.521								10.8308	35.505	0		10.8892		99.6969						0.0					
469.0	20190101213100000	0.0207	3.965379		464.497								10.8352	35.5055	0		10.8937		99.7582						0.0					
470.0	20190101213400000	0.02	3.965101		465.489								10.8324	35.5049	0		10.891		99.7993						0.0					
471.0	20190101213600000	0.0234	3.964288		466.478								10.8246	35.5039	0		10.8833		99.8055						0.0					
472.0	20190101213900000	0.0267	3.963369		467.472								10.8164	35.5023	0		10.8752		99.8083						0.0					
473.0	20190101214100000	0.023	3.960884		468.464								10.7942	35.4987	0		10.8531		99.7811						0.0					
474.0	20190101214400000	0.0221	3.959247		469.451								10.7795	35.4963	0		10.8384		99.7946						0.0					
475.0	20190101214600000	0.0208	3.959153		470.437								10.7782	35.4959	0		10.8372		99.7973						0.0					
476.0	20190101214900000	0.0214	3.959158		471.427								10.7776	35.4957	0		10.8368		99.8186						0.0					
477.0	20190101215100000	0.0222	3.95872		472.419								10.7736	35.4946	0		10.8329		99.8239						0.0					
478.0	20190101215400000	0.0211	3.957326		473.408								10.7609	35.4926	0		10.8203		99.8232						0.0					
479.0	20190101215600000	0.0216	3.957043		474.398								10.7578	35.492	0		10.8173		99.8251						0.0					
480.0	20190101215900000	0.0244	3.956969		475.378								10.7566	35.4917	0		10.8162		99.8413						0.0					
481.0	20190101220100000	0.0216	3.956013		476.365								10.7477	35.4903	0		10.8074		99.8465						0.0					
482.0	20190101220400000	0.0192	3.955662		477.356								10.7439	35.4899	0		10.8037		99.8239						0.0					
483.0	20190101220600000	0.0185	3.955319		478.345								10.7401	35.4896	0		10.8001		99.824						0.0					
484.0	20190101220900000	0.0209	3.955086		479.346								10.7376	35.4891	0		10.7977		99.824						0.0					
485.0	20190101221100000	0.0202	3.954816		480.341								10.7345	35.4888	0		10.7947		99.824						0.0					
486.0	20190101221400000	0.0181	3.95463		481.336								10.7323	35.4885	0		10.7926		99.8224						0.0					
487.0	20190101221600000	0.0198	3.955354		482.301								10.7384	35.4888	0		10.7988		99.8358						0.0					
488.0	20190101221900000	0.0215	3.954913		483.291								10.7339	35.4882	0		10.7945		99.839						0.0					
489.0	20190101222100000	0.0231	3.954508		484.286								10.7295	35.488	0		10.7902		99.8258						0.0					
490.0	20190101222400000	0.0245	3.954462		485.28								10.7286	35.4878	0		10.7894		99.824						0.0					
491.0	20190101222600000	0.0241	3.95437		486.272								10.7273	35.4876	0		10.7882		99.824						0.0					
492.0	20190101222900000	0.026	3.952825		487.265								10.7129	35.4857	0		10.7739		99.824						0.0					
493.0	20190101223100000	0.0247	3.952589		488.248								10.71	35.4855	0		10.7711		99.8253						0.0					
494.0	20190101223400000	0.0237	3.953776		489.227								10.7204	35.4864	0		10.7817		99.8424						0.0					
495.0	20190101223600000	0.0228	3.951983		490.22								10.7038	35.4843	0		10.7651		99.8459						0.0					
496.0	20190101223900000	0.0219	3.951416		491.21								10.6982	35.4835	0		10.7596		99.8453						0.0					
497.0	20190101224100000	0.0215	3.950643		492.204								10.6908	35.4824	0		10.7524		99.8297						0.0					
498.0	20190101224400000	0.0232	3.949959		493.191								10.6844	35.4814	0		10.746		99.7869						0.0					
499.0	20190101224600000	0.0267	3.949409		494.183								10.6789	35.4806	0		10.7407		99.8349						0.0					
500.0	20190101224900000	0.0209	3.949362		495.173								10.6779	35.4803	0		10.7398		99.8407						0.0					
501.0	20190101225100000	0.02	3.949211		496.162								10.676	35.4797	0		10.738		99.8499						0.0					
502.0	20190101225400000	0.0218	3.949334		497.16								10.6761	35.4798	0		10.7383		99.8564						0.0					
